blue,green,red,yellow
-0.24389,-0.71975,-0.28443,0.057575