blue,green,red,yellow
-0.38989,0.28832,-0.61165,-0.15119