blue,green,red,yellow
-0.94384,-0.2785,-0.82555,-0.76683