lrc,redness,wpld,wpyv,wprg,gwld,gwyv,gwrg,gwl,gwa,gwb,hv,mean_cone_l,mean_cone_m,mean_cone_s,sd_cone_l,sd_cone_m,sd_cone_s,mask
-0.49866735666674866,-0.17173800796760583,0.5623371885638959,-0.42346948217428465,0.45978274993638857,-0.7511390076926266,-0.1970224679540448,0.29263049971999766,36.07046338182912,34.49621586889255,30.314155372340167,0.04209454044543581,0.2615425064160101,0.13315414744325596,0.13315414744325596,0.2544454513114152,0.14728900554742208,0.14728900554742208,obj_mask.png
0.09285531721236116,-0.1991896943008112,0.25733695098341197,-0.9993139131923556,0.7948622351038539,-0.6128859936533901,-0.17446585007613985,0.3776720636682202,45.617341596096615,34.29152322060579,21.187153920614545,0.23328982631222317,0.39961100396080884,0.22347946703795485,0.22347946703795485,0.30631723654417153,0.1789437107323128,0.1789437107323128,bkg_mask.png
