lrc,redness,wpld,wpyv,wprg,gwld,gwyv,gwrg,gwl,gwa,gwb,hv,mean_cone_l,mean_cone_m,mean_cone_s,sd_cone_l,sd_cone_m,sd_cone_s,mask
-0.07630759958787077,-0.3052158748531858,0.4631172945709095,0.487130581540556,-0.6807194348598807,-0.810908072602142,-0.1170323085787309,-0.08435648550577533,30.087803071955484,-24.79130003896062,18.719963970473845,0.19677231306192433,0.16288045524670844,0.1571646086219569,0.1571646086219569,0.1895921836825686,0.19717076117813492,0.19717076117813492,obj_mask.png
0.32078903530481595,-0.2613446045697891,0.37157130078929984,-1.1339623093096565,-1.1005740466373954,-0.6513277350971647,0.03539827581013934,0.11163158019476568,42.859071368217286,9.518731216392315,2.9701270752329587,0.7405150229694665,0.3357067062125775,0.24599676062131887,0.24599676062131887,0.29713903505733225,0.20171182750705158,0.20171182750705158,bkg_mask.png
