lrc,redness,wpld,wpyv,wprg,gwld,gwyv,gwrg,gwl,gwa,gwb,hv,mean_cone_l,mean_cone_m,mean_cone_s,sd_cone_l,sd_cone_m,sd_cone_s,mask
-0.1308983137021564,-0.25740391858148365,0.5082902199882218,-0.09468263408214328,-0.06020721543698646,-0.8275635652935595,-0.0729967866467886,0.022821284141724015,28.900403056742782,1.1367727141532007,11.63139242859024,0.37799304790809785,0.16084847772550054,0.12590040151941856,0.12590040151941856,0.18700255420079537,0.1580044635433921,0.1580044635433921,obj_mask.png
0.309659518582491,-0.2274302843767101,0.2986191024884717,-0.9529838761011171,0.7511600330064533,-0.6262066926232679,-0.1247613267060986,0.2646522711652596,44.621434544481446,22.21623283522803,14.44745789359754,0.39781508611185235,0.37465874741711586,0.23463655419818438,0.23463655419818438,0.3081047772116772,0.18563140073012147,0.18563140073012147,bkg_mask.png
