lrc,redness,wpld,wpyv,wprg,gwld,gwyv,gwrg,gwl,gwa,gwb,hv,mean_cone_l,mean_cone_m,mean_cone_s,sd_cone_l,sd_cone_m,sd_cone_s,mask
-0.32954112726021034,-0.2153823725456922,0.46394248582617437,-0.16296414478659865,0.5445699501631266,-0.779971398099015,0.00672188231883805,0.1471092972269758,33.943064382518685,25.368314458122256,1.0610168309094374,0.24442996942355166,0.2206968874748661,0.1411077574209091,0.1411077574209091,0.22392060969376817,0.15302326361975985,0.15302326361975985,obj_mask.png
0.26850869465529953,-0.23675984983419956,0.29412841777080584,-0.3358792770854727,0.7234162442778111,-0.6293338149103521,0.08653700056249568,0.20974751182773757,44.585233429674126,26.473099874447886,-4.0183885933369785,0.5234883247958512,0.3683948109631554,0.24592977538135433,0.24592977538135433,0.2996918207777127,0.19708225976093396,0.19708225976093396,bkg_mask.png
