lrc,redness,wpld,wpyv,wprg,gwld,gwyv,gwrg,gwl,gwa,gwb,hv,mean_cone_l,mean_cone_m,mean_cone_s,sd_cone_l,sd_cone_m,sd_cone_s,mask
0.031009316501446154,-0.30173938163512914,0.4977263294785192,-0.4233436483909143,-0.25208355214420397,-0.8140367558481914,-0.14644668387782134,-0.06844672559361413,30.115530429782073,-25.57974196236395,25.479252857042994,0.12903619070278605,0.16144070788764717,0.15138485913596297,0.15138485913596297,0.18493408280481113,0.18673799544502762,0.18673799544502762,obj_mask.png
0.30933119699173744,-0.23688151043546768,0.3464167730572008,-1.192104081826781,-1.1978726781097295,-0.6286976629242165,-0.1597152743494339,0.23089389615833594,44.438905535808615,14.487761855098187,20.406788666322434,0.40751772184648194,0.36784243080236023,0.23821704528558327,0.23821704528558327,0.3077008482671726,0.1866122948780079,0.1866122948780079,bkg_mask.png
