lrc,redness,wpld,wpyv,wprg,gwld,gwyv,gwrg,gwl,gwa,gwb,hv,mean_cone_l,mean_cone_m,mean_cone_s,sd_cone_l,sd_cone_m,sd_cone_s,mask
-0.42569622019027675,-0.18355786392033066,0.5307811089923751,0.3911355523946539,0.24486634747302882,-0.7340593874187102,-0.12982541723729876,0.2784112223211529,37.64009896088614,34.47128986254905,17.851872806254683,0.10083161274412145,0.27662382263355856,0.1499245240164839,0.1499245240164839,0.2574558457710175,0.15491569245345133,0.15491569245345133,obj_mask.png
0.17611057676428432,-0.22417075391884003,0.27332044953857454,-0.6579602370480786,0.6512441975660563,-0.61982856278145,0.02318822855769137,0.26699992018764085,45.22105040804826,29.960924899431497,2.5233893960667153,0.4598422005381806,0.3830160673650567,0.24169941670923875,0.24169941670923875,0.30271148862369046,0.1935990789203605,0.1935990789203605,bkg_mask.png
