lrc,redness,wpld,wpyv,wprg,gwld,gwyv,gwrg,gwl,gwa,gwb,hv,mean_cone_l,mean_cone_m,mean_cone_s,sd_cone_l,sd_cone_m,sd_cone_s,mask
-0.43143051890143225,-0.2213852256824946,0.5704037258570546,-1.5860891532266927,0.5124456788868352,-0.8008876098370956,-0.1479474394006909,0.10286355663037978,31.97356290342641,11.923304608663805,26.14318296731319,0.12024287959528823,0.19385279725325613,0.1304231401628237,0.1304231401628237,0.2083807281833272,0.1557545013450825,0.1557545013450825,obj_mask.png
0.20840465953905646,-0.23890105679490303,0.311400629039333,-0.5804648423562551,0.718919965844086,-0.633306346684793,0.005148278153669304,0.19229498285010843,44.22485997925295,20.505027521318056,6.599745748505664,0.5415175098949709,0.3614546837618029,0.24461082168224377,0.24461082168224377,0.2994881379577259,0.19884756674272966,0.19884756674272966,bkg_mask.png
