lrc,redness,wpld,wpyv,wprg,gwld,gwyv,gwrg,gwl,gwa,gwb,hv,mean_cone_l,mean_cone_m,mean_cone_s,sd_cone_l,sd_cone_m,sd_cone_s,mask
-0.1607959724598547,-0.25668048395906873,0.5081789186639567,-0.4402252529104657,-0.04204648717771501,-0.8170926640587659,-0.14622286437108395,0.023685547783300363,29.980937670699582,-3.8453403436181013,26.306923941457956,0.15398521956410882,0.1695357573491089,0.1324169644438809,0.1324169644438809,0.19383730999827029,0.16641605408072974,0.16641605408072974,obj_mask.png
0.27015240243947086,-0.22500312378560364,0.409766970885724,-1.2840719802746932,-0.519164028608789,-0.6239675961130482,-0.16440415937936842,0.2704818154451238,44.7540899724425,21.00849946965041,20.923026678067615,0.33747160863145687,0.37683009977607373,0.2345839833343245,0.2345839833343245,0.30759391892427657,0.18555808115027655,0.18555808115027655,bkg_mask.png
