lrc,redness,wpld,wpyv,wprg,gwld,gwyv,gwrg,gwl,gwa,gwb,hv,mean_cone_l,mean_cone_m,mean_cone_s,sd_cone_l,sd_cone_m,sd_cone_s,mask
0.0644026352919486,-0.3092774422059399,0.4904613949863168,-0.3748472285152966,-0.31794006459486607,-0.8128315748152919,-0.1403040297276411,-0.08489310397307769,30.082078024313663,-28.79928862303739,23.561268395407975,0.13191890605494883,0.1606963168775743,0.15538305917111622,0.15538305917111622,0.18667860004375683,0.1937564104369697,0.1937564104369697,obj_mask.png
0.3142311657198141,-0.237773660373423,0.33105327476803326,-1.1359848692093226,-1.248185666269183,-0.6302523313524409,-0.15440427013417707,0.22960108480058394,44.302896823761664,14.24666446899738,19.573649484406864,0.4234275500975623,0.36633233631210577,0.23736102871941853,0.23736102871941853,0.30932128532283026,0.18725103261634438,0.18725103261634438,bkg_mask.png
