lrc,redness,wpld,wpyv,wprg,gwld,gwyv,gwrg,gwl,gwa,gwb,hv,mean_cone_l,mean_cone_m,mean_cone_s,sd_cone_l,sd_cone_m,sd_cone_s,mask
-0.4513059386509725,-0.17679172474182606,0.5642781541725067,-0.22110591730372314,0.44727131869079273,-0.7507711690814508,-0.15865608345143292,0.2805122515229276,36.17108061970152,34.53737000973635,22.875012628446427,0.0634795648169636,0.26101454407055247,0.1363054860639341,0.1363054860639341,0.25389727307105003,0.1495669017491631,0.1495669017491631,obj_mask.png
0.13090697745977314,-0.20096826718739613,0.2564221188412391,-0.9277243862134752,0.7920375865970161,-0.6104163385978957,-0.15674713104595084,0.3743995534943464,45.786688837201496,34.499551841478194,18.13928248788886,0.250732387274741,0.4017660547961021,0.22626640273199908,0.22626640273199908,0.30628124798851525,0.17929319479981773,0.17929319479981773,bkg_mask.png
