lrc,redness,wpld,wpyv,wprg,gwld,gwyv,gwrg,gwl,gwa,gwb,hv,mean_cone_l,mean_cone_m,mean_cone_s,sd_cone_l,sd_cone_m,sd_cone_s,mask
-0.5206615860155385,-0.16192884545636604,0.5600361955429305,-0.2876884920806234,0.45499121970170325,-0.7348186364832551,-0.22481506509162733,0.3441831184580697,37.26211772958826,38.58573515257853,35.051367282227304,0.02843020502223348,0.28230784145900684,0.13577561284049022,0.13577561284049022,0.26768866528874713,0.1474527766658348,0.1474527766658348,obj_mask.png
0.022163753239233544,-0.216721420901859,0.25919455961221616,-0.6173113387920424,0.5534428697539875,-0.6348421527227817,-0.00831561762327477,0.27629952287580056,44.126307193905504,30.68329292395749,8.351177787962222,0.4236755214322401,0.36978801901680947,0.2280256468443337,0.2280256468443337,0.3003272425785581,0.19341876527887109,0.19341876527887109,bkg_mask.png
