lrc,redness,wpld,wpyv,wprg,gwld,gwyv,gwrg,gwl,gwa,gwb,hv,mean_cone_l,mean_cone_m,mean_cone_s,sd_cone_l,sd_cone_m,sd_cone_s,mask
0.10339400763854367,-0.3361962224179795,0.47658400502260306,-0.2537185432651228,-0.49078199125662003,-0.814168509243127,-0.12307555411435209,-0.13636193451948814,29.765739603539256,-42.07899809843811,19.573204314971964,0.08510811037915422,0.15362006380199664,0.1639694800978142,0.1639694800978142,0.18708519005036223,0.2071513806627694,0.2071513806627694,obj_mask.png
0.3325817072605413,-0.24543875779157753,0.33053549510448826,-1.0326367039896627,-1.2765956922452424,-0.636337647986548,-0.14023531879331352,0.20582167487688932,43.712632829087596,10.536606992507249,17.47131871733248,0.490111806474509,0.3581061541052845,0.2372745201526655,0.2372745201526655,0.31197645631613485,0.18998774820100275,0.18998774820100275,bkg_mask.png
