lrc,redness,wpld,wpyv,wprg,gwld,gwyv,gwrg,gwl,gwa,gwb,hv,mean_cone_l,mean_cone_m,mean_cone_s,sd_cone_l,sd_cone_m,sd_cone_s,mask
0.0315850050812029,-0.300388574062787,0.45559216109962186,0.5641765184768981,-0.6458462487222485,-0.8218728010270376,-0.08206635109330075,-0.06096257593608815,29.928608203992784,-19.217749206230557,13.862654170637075,0.28962819299455944,0.15604440862446195,0.14520944932898233,0.14520944932898233,0.17248719883016436,0.170742164138626,0.170742164138626,obj_mask.png
0.328659735369137,-0.26047079999724543,0.3928392438805471,-1.0208249685637767,-1.135594858675508,-0.6430888034961855,0.043104637303237034,0.11773984640571684,43.54935559578002,10.755353658049266,1.510743949838004,0.7500264827724288,0.3441520428143444,0.2513046575093893,0.2513046575093893,0.297816021012807,0.20168957278165336,0.20168957278165336,bkg_mask.png
