lrc,redness,wpld,wpyv,wprg,gwld,gwyv,gwrg,gwl,gwa,gwb,hv,mean_cone_l,mean_cone_m,mean_cone_s,sd_cone_l,sd_cone_m,sd_cone_s,mask
-0.47885852453455907,-0.1942402055252263,0.5548010463538418,-0.8881362154544572,0.2562966523936576,-0.7740681991053916,-0.20902938840745558,0.19727654134779052,34.293919265621035,22.244377904152216,36.90594300680428,0.04243598462375364,0.228897128943109,0.13270541870049773,0.13270541870049773,0.23127774344392507,0.15008650192359577,0.15008650192359577,obj_mask.png
0.1483736377897292,-0.20687938402392073,0.26953584747338877,-0.9797355621399162,0.7816406629797478,-0.6147930455791938,-0.18903671195657473,0.341990956028314,45.4465688236441,29.555604501862376,24.61011464407719,0.23847561505562076,0.3934077953480246,0.22821429737919208,0.22821429737919208,0.30609711067063566,0.18172032543572686,0.18172032543572686,bkg_mask.png
