lrc,redness,wpld,wpyv,wprg,gwld,gwyv,gwrg,gwl,gwa,gwb,hv,mean_cone_l,mean_cone_m,mean_cone_s,sd_cone_l,sd_cone_m,sd_cone_s,mask
-0.49712654874810475,-0.18826707125420764,0.5598187104702596,-1.3250714411918403,0.27410231021367415,-0.7766567004222028,-0.18483676907570984,0.2141489528665394,34.44671854431217,26.167294012153377,31.511350677338914,0.04382132413332607,0.22886362666837567,0.12811594949204103,0.12811594949204103,0.2225151749756237,0.14069944598806353,0.14069944598806353,obj_mask.png
0.1382416224259894,-0.20467032005148314,0.2924918289124171,-1.0491587063344174,0.7623110011333242,-0.6110867053150154,-0.17909800975510995,0.3550969073101487,45.70207783002452,31.40096733978894,22.20459828516892,0.24179077136058613,0.3985297459284357,0.228845828745022,0.228845828745022,0.30697851469999904,0.18156810398756532,0.18156810398756532,bkg_mask.png
