lrc,redness,wpld,wpyv,wprg,gwld,gwyv,gwrg,gwl,gwa,gwb,hv,mean_cone_l,mean_cone_m,mean_cone_s,sd_cone_l,sd_cone_m,sd_cone_s,mask
-0.46560523633988843,-0.19513748753183308,0.5690453903093284,-1.4355120354048316,0.5059386150941698,-0.7640522549836839,-0.178002526822002,0.20482038676661216,35.10808476739533,24.43151893927161,28.43694759398334,0.07399947849948307,0.23949854552051147,0.13952176507720107,0.13952176507720107,0.24167815491923256,0.1565030422550138,0.1565030422550138,obj_mask.png
0.16020062108630623,-0.22971734845477582,0.29168829809450925,-0.6320265605272146,0.7413256243672149,-0.6304757743729131,0.00162040372025788,0.23089132102607107,44.4621471251783,25.317769639716577,6.578066241630463,0.48629654205295225,0.36858810999155794,0.23973095500419964,0.23973095500419964,0.2996588330789109,0.19583362491259465,0.19583362491259465,bkg_mask.png
