lrc,redness,wpld,wpyv,wprg,gwld,gwyv,gwrg,gwl,gwa,gwb,hv,mean_cone_l,mean_cone_m,mean_cone_s,sd_cone_l,sd_cone_m,sd_cone_s,mask
-0.5093453983308289,-0.17176639479561842,0.5631220937859447,-0.643469744190647,0.44696015188263044,-0.7437887624704117,-0.23999669429598028,0.30173619451828165,36.93709067849682,33.48223741858633,39.99154802223341,0.024661256061254577,0.2687721971427081,0.13634294291533708,0.13634294291533708,0.2526056392567311,0.14681110139346443,0.14681110139346443,obj_mask.png
0.08066022762088487,-0.19857913989994735,0.25406547515814115,-0.9647147055339753,0.7963264204919663,-0.6103957056075316,-0.1961473796453928,0.3814397876639778,45.77925232903892,33.66618549269558,25.17596595588156,0.21539552055641442,0.40203590911996223,0.22430992663959226,0.22430992663959226,0.3064958942008734,0.1789737978048278,0.1789737978048278,bkg_mask.png
