lrc,redness,wpld,wpyv,wprg,gwld,gwyv,gwrg,gwl,gwa,gwb,hv,mean_cone_l,mean_cone_m,mean_cone_s,sd_cone_l,sd_cone_m,sd_cone_s,mask
0.039915440790938166,-0.3091225706182723,0.45335670875367007,0.5055043822112644,-0.9621146833902271,-0.8350516250314626,-0.06411347951951307,-0.07420496434321566,28.250656998471406,-21.44898805048804,10.681457826093775,0.29623979170722514,0.14257233976936948,0.13788444465157249,0.13788444465157249,0.17175690357403375,0.17671983159216964,0.17671983159216964,obj_mask.png
0.3408258041617009,-0.2636703482672807,0.37111394422490934,-0.8787695589947192,-1.2232506110401764,-0.647548998510597,0.054714610766150674,0.1066250446668974,43.15561409314456,9.67194589015784,0.15703517653956628,0.7953045012734501,0.3388887879154009,0.25012230586143536,0.25012230586143536,0.298428066600827,0.20313035682055855,0.20313035682055855,bkg_mask.png
