lrc,redness,wpld,wpyv,wprg,gwld,gwyv,gwrg,gwl,gwa,gwb,hv,mean_cone_l,mean_cone_m,mean_cone_s,sd_cone_l,sd_cone_m,sd_cone_s,mask
0.11805650921480723,-0.30005768215312567,0.49783763080278426,-0.07780102956259194,-0.2702442804034754,-0.8385638082135176,-0.06386522524134215,-0.049378025688046126,27.752989281520843,-16.231760247477684,10.146461884778992,0.3615761022390699,0.14227378295721793,0.13072888369361677,0.13072888369361677,0.17134860050647385,0.16612941612711507,0.16612941612711507,obj_mask.png
0.3494730772395632,-0.2384694500717951,0.2981477737518521,-0.9603819399652171,0.7520177997854434,-0.6277867318619821,-0.12175132896913894,0.2317777956225375,44.46958175176261,16.56009574725074,14.017120443084666,0.49335434643440057,0.3693501653188638,0.23942586086989703,0.23942586086989703,0.3096057351184118,0.18642944984510576,0.18642944984510576,bkg_mask.png
