lrc,redness,wpld,wpyv,wprg,gwld,gwyv,gwrg,gwl,gwa,gwb,hv,mean_cone_l,mean_cone_m,mean_cone_s,sd_cone_l,sd_cone_m,sd_cone_s,mask
0.09389842571064687,-0.3257392955273235,0.48696709038707103,-0.2671662977268788,-0.39065871127744856,-0.8178755248432934,-0.12040848709518642,-0.11245086336355266,29.586115793833095,-35.897254635496346,19.554761511653826,0.11888904695247815,0.15306891216268614,0.15687399513639458,0.15687399513639458,0.18650325918525243,0.20085742008922208,0.20085742008922208,obj_mask.png
0.33725829994710443,-0.2425696254546169,0.33100682384110786,-1.0252386401255627,-1.2774534590242326,-0.6371594133580675,-0.1391419673508056,0.21415772750489762,43.67856531470946,12.336626197657989,17.41716823771697,0.4733633662238791,0.35835097546438544,0.23516213844242567,0.23516213844242567,0.3112150213216364,0.18885734554279576,0.18885734554279576,bkg_mask.png
