lrc,redness,wpld,wpyv,wprg,gwld,gwyv,gwrg,gwl,gwa,gwb,hv,mean_cone_l,mean_cone_m,mean_cone_s,sd_cone_l,sd_cone_m,sd_cone_s,mask
-0.4912953011191815,-0.17812202408062622,0.5678910318142731,-0.3967177961354856,0.4293021199630941,-0.7572074705583105,-0.17824368665967605,0.2687581630013932,35.69524820291346,32.30958205905033,27.117074397604416,0.05355170193979919,0.253389107504199,0.13317919739950004,0.13317919739950004,0.24636506240294487,0.14457670502391046,0.14457670502391046,obj_mask.png
0.11826262234809973,-0.20127499118924483,0.2559507901046195,-0.9351224500775752,0.7928953533760061,-0.6107072395647732,-0.1697788342896944,0.3717357049741019,45.76982947017001,33.67912256438542,20.193532634659533,0.24350169698883983,0.40098901717234803,0.22629448917166525,0.22629448917166525,0.3064418296758536,0.17959067803928938,0.17959067803928938,bkg_mask.png
