lrc,redness,wpld,wpyv,wprg,gwld,gwyv,gwrg,gwl,gwa,gwb,hv,mean_cone_l,mean_cone_m,mean_cone_s,sd_cone_l,sd_cone_m,sd_cone_s,mask
0.045623868238573485,-0.3084054566719853,0.49513515800500574,-0.2782229405265149,-0.29628845058133957,-0.814517597020199,-0.12220816576604876,-0.08113258739733938,30.002637320314676,-26.762676040840468,19.74373411012152,0.17715349518390888,0.15985274762654678,0.15374131302111838,0.15374131302111838,0.18711227120852256,0.19259107358500244,0.19259107358500244,obj_mask.png
0.31891731876939566,-0.23634783513299262,0.338123205817327,-1.025013911247822,-1.2610521679540339,-0.6329905064520971,-0.14388604831285184,0.23376285652820572,44.042991745876066,15.713561824193775,17.855383598911644,0.4324809442881825,0.3644525994235075,0.23471082880018357,0.23471082880018357,0.30996477831769664,0.18760184216214415,0.18760184216214415,bkg_mask.png
