lrc,redness,wpld,wpyv,wprg,gwld,gwyv,gwrg,gwl,gwa,gwb,hv,mean_cone_l,mean_cone_m,mean_cone_s,sd_cone_l,sd_cone_m,sd_cone_s,mask
-0.3914820052017693,-0.2126223579161993,0.5434542857510948,-1.5027687968149541,0.46445464289448457,-0.7813220478507511,-0.19952407470572311,0.1402154252833377,33.68357322066935,14.403228539619697,35.60180541079103,0.06146118854085669,0.21558053191488574,0.13765878321415873,0.13765878321415873,0.22132427610847483,0.15966378863433925,0.15966378863433925,obj_mask.png
0.20222962315834328,-0.21205743261316828,0.5185456396870148,-1.5266799134361517,0.5219848357251133,-0.6136623843340946,-0.18871139275709817,0.32425996191400525,45.58351125096738,27.0938440093096,24.4286247566626,0.25257726178438966,0.3923563244308627,0.232284427327088,0.232284427327088,0.3054868889452083,0.1816588226519238,0.1816588226519238,bkg_mask.png
