lrc,redness,wpld,wpyv,wprg,gwld,gwyv,gwrg,gwl,gwa,gwb,hv,mean_cone_l,mean_cone_m,mean_cone_s,sd_cone_l,sd_cone_m,sd_cone_s,mask
0.14846266001680197,-0.34495150859984114,0.4351704746340361,0.6097334738405441,-1.467019917181036,-0.8266441634744187,0.02270927655806721,-0.14373319471653317,28.698193758473312,-31.052331951105266,-2.516139871898329,0.18593205814335023,0.14338475033766038,0.1583913914875443,0.1583913914875443,0.1788986834527025,0.20311366363764538,0.20311366363764538,obj_mask.png
0.4025998556575174,-0.2759106117886348,0.38992291591855593,-0.10048065711305887,-1.3846743063979903,-0.6507527155667853,0.10043647471552186,0.07480900111696073,43.001265187138145,6.381412721693738,-5.389622096204348,0.9318884351045873,0.3328384616024279,0.25424302925040587,0.25424302925040587,0.297119459890868,0.2023823003457685,0.2023823003457685,bkg_mask.png
