lrc,redness,wpld,wpyv,wprg,gwld,gwyv,gwrg,gwl,gwa,gwb,hv,mean_cone_l,mean_cone_m,mean_cone_s,sd_cone_l,sd_cone_m,sd_cone_s,mask
-0.45501749891654847,-0.20215697494294987,0.5691501101930119,-1.3272378239762195,0.2962566205669357,-0.770168863197857,-0.16006647030907262,0.18251786143869825,34.728418790283726,22.138814426166324,25.35078145070758,0.10264087236143338,0.23147416887446348,0.13921156874886204,0.13921156874886204,0.23397612313753183,0.15386026053620205,0.15386026053620205,obj_mask.png
0.1914964899798047,-0.23189942950979847,0.28420268897072826,-0.5776242729386539,0.7459695287014204,-0.6305139461792286,0.008069827489948923,0.22396501872309352,44.49869084071562,24.660380745397728,5.501325937852825,0.502265440099749,0.36782786342767404,0.2410678226847217,0.2410678226847217,0.2989258187259244,0.1952817746831589,0.1952817746831589,bkg_mask.png
