lrc,redness,wpld,wpyv,wprg,gwld,gwyv,gwrg,gwl,gwa,gwb,hv,mean_cone_l,mean_cone_m,mean_cone_s,sd_cone_l,sd_cone_m,sd_cone_s,mask
-0.2397131425127282,-0.2408882709790316,0.5159708325549113,-0.30855229950782226,0.013871894364321097,-0.8185695374446581,-0.12526329983689458,0.05757441847855419,29.88792194190577,4.42441106286739,21.616318190881195,0.19116221245685994,0.17249655041869905,0.12554240939010752,0.12554240939010752,0.19656105808591043,0.15553986021419572,0.15553986021419572,obj_mask.png
0.23996890269216292,-0.22012075317282698,0.28689153473511464,-0.9651641632894566,0.7635238383515692,-0.629027752200341,-0.14829610086421663,0.28441604586277264,44.32153137700132,24.13283854982853,18.53200463473101,0.325697441080425,0.3740466046789691,0.22849931660102113,0.22849931660102113,0.3088960484708536,0.18566952394367625,0.18566952394367625,bkg_mask.png
