lrc,redness,wpld,wpyv,wprg,gwld,gwyv,gwrg,gwl,gwa,gwb,hv,mean_cone_l,mean_cone_m,mean_cone_s,sd_cone_l,sd_cone_m,sd_cone_s,mask
-0.5053077697692022,-0.1927019223861494,0.5593562363300101,-0.723580979422331,0.36863611181746503,-0.7500809475274384,-0.16758869967084553,0.22140416539936852,35.71345571726627,26.66845166527954,24.202222006761517,0.0909738162078857,0.254518032537398,0.14735082846123235,0.14735082846123235,0.2615171056669217,0.1680170904485903,0.1680170904485903,obj_mask.png
0.13723440290526448,-0.22805059601935604,0.4279267245256222,-1.3299165814077651,0.6415414998200962,-0.6361105986661125,0.014496780071477079,0.23266789253530246,44.08568363821191,26.492597206449908,4.809066343555882,0.4815754586727834,0.36378600797415617,0.23534760620210554,0.23534760620210554,0.29847792219753355,0.1954331401030205,0.1954331401030205,bkg_mask.png
