lrc,redness,wpld,wpyv,wprg,gwld,gwyv,gwrg,gwl,gwa,gwb,hv,mean_cone_l,mean_cone_m,mean_cone_s,sd_cone_l,sd_cone_m,sd_cone_s,mask
-0.5506847876389568,-0.14627688228283148,0.5323112760755737,-0.4650172959412836,0.4919789134676632,-0.7131091833792994,-0.26668440724740927,0.4363749608482161,39.21371235807053,46.05747521425158,41.59550329586057,0.01472249745163512,0.3126549574825314,0.13490910736729458,0.13490910736729458,0.27058386939903345,0.13680431667511145,0.13680431667511145,obj_mask.png
0.003343094027696254,-0.18814723435867498,0.2404525924583057,-1.006487248178715,0.8121212929530424,-0.6043988647859461,-0.2041525401275191,0.43696493981203927,46.214926278606136,38.88471826083363,25.427861887111085,0.19812807818415945,0.41403206192085984,0.2187034257731758,0.2187034257731758,0.3080655045575257,0.17485820799430896,0.17485820799430896,bkg_mask.png
