lrc,redness,wpld,wpyv,wprg,gwld,gwyv,gwrg,gwl,gwa,gwb,hv,mean_cone_l,mean_cone_m,mean_cone_s,sd_cone_l,sd_cone_m,sd_cone_s,mask
-0.47253058657112607,-0.18693497104074377,0.5614204284047715,-1.0488710605649918,0.42277914116322646,-0.7639324387186975,-0.18176656108332645,0.23442512180415054,35.14102405571033,27.997398788071173,28.470134238578108,0.0558098857464141,0.24306029940310903,0.13419771956906806,0.13419771956906806,0.24289252243079457,0.14841316837786744,0.14841316837786744,obj_mask.png
0.10613518537889802,-0.2040671784436871,0.2690645187367692,-0.9871336260040161,0.7824984297587378,-0.6181452176971292,-0.1665822304887903,0.35002424185574954,45.15701086968623,31.79261843304397,20.385689034180253,0.2489838971654026,0.3915963656443075,0.22460922937771627,0.22460922937771627,0.30775611334866126,0.1823785383788269,0.1823785383788269,bkg_mask.png
