lrc,redness,wpld,wpyv,wprg,gwld,gwyv,gwrg,gwl,gwa,gwb,hv,mean_cone_l,mean_cone_m,mean_cone_s,sd_cone_l,sd_cone_m,sd_cone_s,mask
-0.1823538781842135,-0.25871441445434495,0.5171249649245218,-0.5831795779904859,-0.01999589909384094,-0.7875021876148175,-0.19008591736143907,0.018871875673150955,32.70566391305004,-6.665349806842102,33.13599493478859,0.11209040940352888,0.1956398180589985,0.15504191127473393,0.15504191127473393,0.20737938428311864,0.18242593243230684,0.18242593243230684,obj_mask.png
0.2445833516743926,-0.2228849304093502,0.43236542419363133,-1.4078974120577554,-0.543137594789418,-0.6232215891855846,-0.1776415436919561,0.2777532969127375,44.89145100686557,21.369915542289053,23.226188550711758,0.3047258848544824,0.37818437426694174,0.23360316536473114,0.23360316536473114,0.30551059310008666,0.1836852805888972,0.1836852805888972,bkg_mask.png
