lrc,redness,wpld,wpyv,wprg,gwld,gwyv,gwrg,gwl,gwa,gwb,hv,mean_cone_l,mean_cone_m,mean_cone_s,sd_cone_l,sd_cone_m,sd_cone_s,mask
0.14782177255744475,-0.33992299491031563,0.47983685525201475,-0.09118586713266275,-0.5260541514646,-0.8249559457987998,-0.0845295474779797,-0.13403648898695822,28.785763168084266,-39.473083183185636,12.802487115970964,0.12534013856217863,0.14450504950791404,0.15601919937774156,0.15601919937774156,0.18090001121580898,0.20149425275955563,0.20149425275955563,obj_mask.png
0.335712823982288,-0.24888971206274962,0.34703200088617375,-0.7737044687461617,-1.3066175295098945,-0.6330815521279962,-0.12719395572341718,0.1957213134854864,44.0309948640938,9.677061170583196,15.03523981588738,0.5551831974485388,0.36010937372081503,0.2418107619662581,0.2418107619662581,0.31071577193221783,0.19006107296007785,0.19006107296007785,bkg_mask.png
