lrc,redness,wpld,wpyv,wprg,gwld,gwyv,gwrg,gwl,gwa,gwb,hv,mean_cone_l,mean_cone_m,mean_cone_s,sd_cone_l,sd_cone_m,sd_cone_s,mask
-0.35909600940376,-0.2205848475231266,0.5416015685727047,-1.4669021218831575,0.37815935364854114,-0.789161424307341,-0.18749099509683378,0.11312435793927254,32.79789762807441,10.925017890283618,33.31032006866728,0.0751750998020666,0.20531077903679945,0.13679677327883893,0.13679677327883893,0.22040290778349803,0.1651138623823641,0.1651138623823641,obj_mask.png
0.2058244010298892,-0.21463322667110915,0.5034028160294257,-1.4764665685316365,0.4011714307807927,-0.620094173525627,-0.178611534913972,0.3075932250968155,45.04269834427948,25.7869027858481,23.21837612172915,0.2659484434948437,0.38459252006477573,0.23057675950042486,0.23057675950042486,0.30680859979918434,0.1843874087266151,0.1843874087266151,bkg_mask.png
