lrc,redness,wpld,wpyv,wprg,gwld,gwyv,gwrg,gwl,gwa,gwb,hv,mean_cone_l,mean_cone_m,mean_cone_s,sd_cone_l,sd_cone_m,sd_cone_s,mask
-0.3721430644799605,-0.22429837876016268,0.5198459443047673,-1.0186855244683972,0.28238472620261457,-0.8030527102157347,-0.09088817082154818,0.0996024347062408,32.042660845430184,14.44127577579999,15.140127165150002,0.21758998351638636,0.19231178848611752,0.13037761249326302,0.13037761249326302,0.20058970925486672,0.14963115734264573,0.14963115734264573,obj_mask.png
0.24133107799628142,-0.24037155937731047,0.3123711118436384,-0.4792830599209745,0.712664250221288,-0.6354824868300282,0.04042566310597485,0.18798538564855544,44.114047170985934,21.747024362379637,1.529978874975703,0.569955604159931,0.35945689837182065,0.24435915245208958,0.24435915245208958,0.2987844999561069,0.19875468113763103,0.19875468113763103,bkg_mask.png
