lrc,redness,wpld,wpyv,wprg,gwld,gwyv,gwrg,gwl,gwa,gwb,hv,mean_cone_l,mean_cone_m,mean_cone_s,sd_cone_l,sd_cone_m,sd_cone_s,mask
-0.26200234693642843,-0.24528367203313378,0.48946000440409054,-0.722088783271174,0.2972779282536078,-0.808713146597668,-0.08295609784425223,0.049375766156772465,31.15156539559618,5.964599108216133,13.577359146253752,0.30746435359825286,0.18125281703480595,0.13528178262891402,0.13528178262891402,0.1988919085188571,0.1607542621099382,0.1607542621099382,obj_mask.png
0.26322640813315007,-0.24610547952392153,0.3158237379529808,-0.4971444859445163,0.6709289298517352,-0.6442869546622543,0.04722579898032275,0.1634151149516118,43.40955829290047,18.815388316248196,0.9829636207038289,0.6177967350731135,0.3485171425151661,0.2422137497380193,0.2422137497380193,0.29914725727522135,0.2002579168756504,0.2002579168756504,bkg_mask.png
