lrc,redness,wpld,wpyv,wprg,gwld,gwyv,gwrg,gwl,gwa,gwb,hv,mean_cone_l,mean_cone_m,mean_cone_s,sd_cone_l,sd_cone_m,sd_cone_s,mask
-0.4302011594727083,-0.17224177522007805,0.5547005276428982,0.07220079672041757,0.40231237574405443,-0.697165994802359,-0.2096583782759004,0.3677140979705767,40.085081696279296,38.806461889374994,27.202220670229334,0.06325150986577077,0.32008749497051026,0.1604686584142601,0.1604686584142601,0.282080868802667,0.15607042675300492,0.15607042675300492,obj_mask.png
0.12424718228076206,-0.2196566046273629,0.26027622472739453,-0.6093829111794331,0.771554906170642,-0.6310125779930457,0.00501398512330507,0.27641888097179784,44.51205552028183,30.813401715426497,5.117824373853631,0.43375050067848997,0.37353562403675256,0.23115745626548478,0.23115745626548478,0.2986763692530241,0.1900545344039768,0.1900545344039768,bkg_mask.png
