lrc,redness,wpld,wpyv,wprg,gwld,gwyv,gwrg,gwl,gwa,gwb,hv,mean_cone_l,mean_cone_m,mean_cone_s,sd_cone_l,sd_cone_m,sd_cone_s,mask
-0.44849599946085983,-0.19507702093005336,0.5446382904821151,-0.5552233415699558,0.217697147339105,-0.7777872689121375,-0.17598429144042838,0.19561175093579225,34.24379822992083,23.69352432718187,29.214818283473974,0.06495826485975298,0.22575487335129352,0.13076122804670978,0.13076122804670978,0.22052188063726536,0.14264865929703513,0.14264865929703513,obj_mask.png
0.14666382796001054,-0.20677542172379196,0.2793781002802675,-0.9971475304079765,0.7727079247505922,-0.6184636077353789,-0.16801284718555934,0.3402100593492668,45.18977837149918,30.41378165020879,20.885862532202705,0.2548666038278895,0.3901186559432635,0.2261143583605852,0.2261143583605852,0.30623651835808946,0.1817667915384908,0.1817667915384908,bkg_mask.png
