lrc,redness,wpld,wpyv,wprg,gwld,gwyv,gwrg,gwl,gwa,gwb,hv,mean_cone_l,mean_cone_m,mean_cone_s,sd_cone_l,sd_cone_m,sd_cone_s,mask
-0.3306110768871717,-0.2230149712690813,0.5135068506935043,-0.5000659613551454,0.45771214593915344,-0.7999999261161178,-0.018555935248629068,0.10700329037657126,32.21470543900237,19.72786745959255,3.792572154316665,0.28321094059535745,0.19707792046303246,0.13265108779651727,0.13265108779651727,0.20394568685031664,0.1501114271113876,0.1501114271113876,obj_mask.png
0.24576534958088217,-0.23937776514345688,0.29787122233269625,-0.36308042087975295,0.7210942921107086,-0.6383364254710637,0.0781128144299286,0.191708349760797,43.86276559963552,24.238367801563516,-2.954651327748634,0.5546515100551663,0.3578204052215175,0.24218296768625985,0.24218296768625985,0.30023650359735127,0.19929182903881273,0.19929182903881273,bkg_mask.png
