lrc,redness,wpld,wpyv,wprg,gwld,gwyv,gwrg,gwl,gwa,gwb,hv,mean_cone_l,mean_cone_m,mean_cone_s,sd_cone_l,sd_cone_m,sd_cone_s,mask
-0.5245596651338087,-0.16103099077431343,0.5601196715361293,-0.02853152795938163,0.44137067350724957,-0.7218003867344316,-0.2148155621800678,0.368673965687118,38.45734800993277,40.99787431303691,31.519990955535697,0.03562703551990731,0.2973777863575306,0.14144301027371298,0.14144301027371298,0.26842460226615844,0.14598446888771446,0.14598446888771446,obj_mask.png
0.05428735141373877,-0.2152487609055703,0.2708152533394933,-0.6462294076152203,0.6060778100805434,-0.6299317902645233,-0.006060334695560844,0.2889910327565311,44.494425599667984,31.95508300826808,7.233872004588443,0.41326776123094877,0.3758589361127753,0.22951242142410436,0.22951242142410436,0.30126289184326416,0.19267057236927346,0.19267057236927346,bkg_mask.png
