lrc,redness,wpld,wpyv,wprg,gwld,gwyv,gwrg,gwl,gwa,gwb,hv,mean_cone_l,mean_cone_m,mean_cone_s,sd_cone_l,sd_cone_m,sd_cone_s,mask
-0.0950886898426572,-0.2859899128915939,0.5083370160539841,-0.5307998503015915,-0.162963614391423,-0.806855148928701,-0.16551692332505286,-0.04396731575367934,30.730085794087277,-19.246934426288806,29.306543030998288,0.12484788621311893,0.17068956672444963,0.15209268128378586,0.15209268128378586,0.19389411732728054,0.1900612465672743,0.1900612465672743,obj_mask.png
0.2826768547643214,-0.2300628114575935,0.40198029358402076,-1.3232466714809152,-1.034821256456121,-0.6338736533860515,-0.16141991254158417,0.25004998101979936,44.00466934752732,17.76992444195253,21.46269355801403,0.35852253979129,0.36530689109346287,0.23078418035454162,0.23078418035454162,0.30860042920044883,0.18587271568745753,0.18587271568745753,bkg_mask.png
