lrc,redness,wpld,wpyv,wprg,gwld,gwyv,gwrg,gwl,gwa,gwb,hv,mean_cone_l,mean_cone_m,mean_cone_s,sd_cone_l,sd_cone_m,sd_cone_s,mask
-0.2256543423684846,-0.2595752220631969,0.473609753242691,0.12223434053753457,-0.6329358434063049,-0.819102942690775,-0.11214215783134517,0.011613491420144416,29.92597101213645,-2.956797004654749,19.57393090149248,0.25242571982873085,0.16675391310428742,0.13367270467492254,0.13367270467492254,0.19384198846375825,0.17259268212585138,0.17259268212585138,obj_mask.png
0.22692081797918612,-0.24896861155759442,0.4457806851559326,-1.2529066226741081,-0.407786058233359,-0.6485276679709834,0.032620324075003905,0.14851770106039516,42.93574034788421,15.978949563192606,3.3928988509261937,0.6386259970916708,0.34262047998254125,0.24141595936895055,0.24141595936895055,0.3009712848563173,0.20365144537484925,0.20365144537484925,bkg_mask.png
