lrc,redness,wpld,wpyv,wprg,gwld,gwyv,gwrg,gwl,gwa,gwb,hv,mean_cone_l,mean_cone_m,mean_cone_s,sd_cone_l,sd_cone_m,sd_cone_s,mask
0.20214383722813095,-0.31532021511493713,0.4351704746340361,0.6097334738405441,-1.467019917181036,-0.8356901324852019,0.025283592454891972,-0.08025118396320775,28.240291967994864,-15.328599346903344,-2.888256479472332,0.40124913517694916,0.14258967846920736,0.140079437979181,0.140079437979181,0.16533118843909986,0.17098035539160708,0.17098035539160708,obj_mask.png
0.3798711410702572,-0.26643469963643773,0.40853926443713523,0.005932806401942714,-1.3696334784465165,-0.6461537643865972,0.10187992246549832,0.10222265184205995,43.279182725988676,11.751657350186274,-5.492960455560731,0.8490578648987488,0.340353720199408,0.25281851414414563,0.25281851414414563,0.29908721398991067,0.2034590470514221,0.2034590470514221,bkg_mask.png
