lrc,redness,wpld,wpyv,wprg,gwld,gwyv,gwrg,gwl,gwa,gwb,hv,mean_cone_l,mean_cone_m,mean_cone_s,sd_cone_l,sd_cone_m,sd_cone_s,mask
0.010307691710653218,-0.2717322080209716,0.5078979399466158,-0.14736799664180616,-0.11980801226485036,-0.8285597865772286,-0.08356185495433202,0.0010601822960801268,29.216856182386252,-5.453236399040172,13.830134059710991,0.3511020331563678,0.15719450012842587,0.12888529541165017,0.12888529541165017,0.17827541627417406,0.1560455703727588,0.1560455703727588,obj_mask.png
0.296573907230482,-0.22837904737237189,0.29767644501523255,-0.9677800038293172,0.7528755665644334,-0.6319857951674857,-0.12802374010411843,0.2574775677798323,44.0466338609846,21.104276155452315,15.283683946054552,0.3981915664196546,0.3684242337457551,0.23147361476967365,0.23147361476967365,0.31079797405258885,0.18746250354332775,0.18746250354332775,bkg_mask.png
