lrc,redness,wpld,wpyv,wprg,gwld,gwyv,gwrg,gwl,gwa,gwb,hv,mean_cone_l,mean_cone_m,mean_cone_s,sd_cone_l,sd_cone_m,sd_cone_s,mask
-0.4812864948083333,-0.17630740661515407,0.5470663660031342,0.17532423306233658,0.3575010586977964,-0.725301920593182,-0.16320170482915014,0.310187933936684,38.02549713969346,36.31180292433561,22.18819484218863,0.08082707934234823,0.2879804731567176,0.15025985211803147,0.15025985211803147,0.2698077055854241,0.15783964461566985,0.15783964461566985,obj_mask.png
0.13864990469286187,-0.22251477903324568,0.25703257423318987,-0.4883980488139722,0.7684789094939368,-0.6289458105623793,0.017118321996002828,0.26521945829821236,44.63915595507076,30.020245732041687,3.5775481769467805,0.4526484799270236,0.3742965752884388,0.2349698544464767,0.2349698544464767,0.299165150085596,0.1918691235678303,0.1918691235678303,bkg_mask.png
