lrc,redness,wpld,wpyv,wprg,gwld,gwyv,gwrg,gwl,gwa,gwb,hv,mean_cone_l,mean_cone_m,mean_cone_s,sd_cone_l,sd_cone_m,sd_cone_s,mask
-0.5223628600649493,-0.17026322781878592,0.5600361955429305,-0.2876884920806234,0.45499121970170325,-0.7490432102729988,-0.17653323422994116,0.2982031464848878,35.8469516840259,35.79520286329228,25.746071204885773,0.05292865330506524,0.2644410998343185,0.1341076453296502,0.1341076453296502,0.2659975457219248,0.15354990420425582,0.15354990420425582,obj_mask.png
0.09541216848587833,-0.19830925056843926,0.2610054792873109,-1.0021544826099569,0.7678126722465195,-0.6115108632994302,-0.1649228931175644,0.383416145395408,45.71484464668541,35.26227036997625,19.49375828431347,0.2389481266567698,0.4017024382385751,0.2236586027294346,0.2236586027294346,0.3064071095246319,0.17899157124472714,0.17899157124472714,bkg_mask.png
