lrc,redness,wpld,wpyv,wprg,gwld,gwyv,gwrg,gwl,gwa,gwb,hv,mean_cone_l,mean_cone_m,mean_cone_s,sd_cone_l,sd_cone_m,sd_cone_s,mask
-0.019205110134467657,-0.31599818175580563,0.462089006962075,0.28035334510820864,-0.8100666039630093,-0.8174441958523648,-0.12163609057133191,-0.099668973032201,29.680467351227353,-31.087404357102315,20.53434047614945,0.14222944207764243,0.15496310456549509,0.154871482684308,0.154871482684308,0.18545021645442003,0.19718214016473837,0.19718214016473837,obj_mask.png
0.3375945775808275,-0.26531211954031886,0.33454065278786044,-1.155563220261762,-1.234964094145077,-0.6491191006542206,0.030334797625490136,0.0996532919710554,43.07234874858647,6.857603701841268,3.742625242150549,0.7601914070454696,0.33625230071017437,0.24975276783123299,0.24975276783123299,0.29627120973486254,0.20204397281660097,0.20204397281660097,bkg_mask.png
