lrc,redness,wpld,wpyv,wprg,gwld,gwyv,gwrg,gwl,gwa,gwb,hv,mean_cone_l,mean_cone_m,mean_cone_s,sd_cone_l,sd_cone_m,sd_cone_s,mask
-0.14823453191947994,-0.2656913867869507,0.4667778489775395,-0.09325335482267139,0.2243677520394526,-0.8227700323477272,-0.038953299401098665,0.00488503198453711,29.51525508553439,0.1652618899578262,6.47584816208525,0.5455756825080542,0.16365399159317662,0.1333964183928118,0.1333964183928118,0.18586991471474631,0.1625359654169488,0.1625359654169488,obj_mask.png
0.31690955192153597,-0.251975901866751,0.3062695094562537,-0.4218963800300997,0.5745917874277787,-0.6426294755668922,0.06698897646363688,0.1465556027710237,43.572280309032664,17.124435741464623,-1.5911322007622222,0.6707122665207894,0.3483430522736476,0.24687313021197876,0.24687313021197876,0.2984831530724688,0.2003469181176861,0.2003469181176861,bkg_mask.png
