lrc,redness,wpld,wpyv,wprg,gwld,gwyv,gwrg,gwl,gwa,gwb,hv,mean_cone_l,mean_cone_m,mean_cone_s,sd_cone_l,sd_cone_m,sd_cone_s,mask
-0.43294730470374154,-0.20255187041552447,0.5376796607570864,-0.32065168070313393,0.2124029207646844,-0.7894225358782166,-0.15403411056189228,0.16474528129430321,32.698697260794404,20.49478549407828,25.256142728351424,0.09413815998440422,0.21167960835512767,0.12786674950248278,0.12786674950248278,0.22868850058257983,0.15084790461300773,0.15084790461300773,obj_mask.png
0.17394807164040813,-0.20944301511272062,0.27094983368324754,-0.957541370547616,0.7790673626427776,-0.6179247637576746,-0.16224678765593686,0.33038509397457044,45.202285158619894,29.433001063212437,19.885577261774515,0.26957481005808603,0.3895377431350553,0.22840218462546857,0.22840218462546857,0.3069946106694242,0.1829018642206352,0.1829018642206352,bkg_mask.png
