lrc,redness,wpld,wpyv,wprg,gwld,gwyv,gwrg,gwl,gwa,gwb,hv,mean_cone_l,mean_cone_m,mean_cone_s,sd_cone_l,sd_cone_m,sd_cone_s,mask
0.05458459776728044,-0.3067525346118395,0.4448963085407908,0.5930765981987334,-1.2405815611443485,-0.826746551880778,-0.033433559204575435,-0.07142064728451952,29.18384022284522,-17.563127206321358,5.593048068458169,0.42404085873895414,0.15102503553194585,0.1442515493923718,0.1442515493923718,0.17349540913257058,0.17571138848015874,0.17571138848015874,obj_mask.png
0.35242963046633485,-0.2631598034612644,0.28041605177653817,-0.393427768962403,0.4891542649608255,-0.6452913137906766,0.06992566711950068,0.11088938525598348,43.391386335720455,11.185361658144037,-1.8821602751976538,0.816961670119797,0.34170377030718446,0.2513416348224016,0.2513416348224016,0.2977316047903954,0.20150003807764008,0.20150003807764008,bkg_mask.png
