lrc,redness,wpld,wpyv,wprg,gwld,gwyv,gwrg,gwl,gwa,gwb,hv,mean_cone_l,mean_cone_m,mean_cone_s,sd_cone_l,sd_cone_m,sd_cone_s,mask
-0.25594342565019723,-0.23861359753950406,0.5398878590362539,-1.4379031470669514,0.5116916343772326,-0.7832976829034143,-0.19734524858949376,0.07182992750916817,33.11508402287872,2.8968689902650273,34.594932386292335,0.08922293855920416,0.20568790381210217,0.1485474670786747,0.1485474670786747,0.22231341118566,0.1784869621207787,0.1784869621207787,obj_mask.png
0.2182518095075401,-0.21763087307323822,0.47741512314479306,-1.4620569816672329,0.010720164042119201,-0.6243967220173157,-0.17794430030916863,0.29467289835918214,44.77932184190812,24.073855249120292,23.445551363574598,0.276536607816228,0.37909900116329903,0.22964615483234652,0.22964615483234652,0.3052335975050249,0.18299991394107362,0.18299991394107362,bkg_mask.png
