lrc,redness,wpld,wpyv,wprg,gwld,gwyv,gwrg,gwl,gwa,gwb,hv,mean_cone_l,mean_cone_m,mean_cone_s,sd_cone_l,sd_cone_m,sd_cone_s,mask
-0.5353116781736137,-0.16638678086694744,0.5623371885638959,-0.42346948217428465,0.45978274993638857,-0.7266224866800819,-0.23039909080391266,0.3374164465237757,37.65998228270399,37.10249569970864,34.20863197554924,0.02965066662171789,0.2889918677706811,0.14314069125249249,0.14314069125249249,0.27422691021942475,0.15569191956316883,0.15569191956316883,obj_mask.png
0.08440507872793615,-0.1966890526497763,0.29171419540862387,-1.2426320111897218,0.7026064820360728,-0.6101252531577662,-0.18465613607483683,0.39199057547385335,45.81788714691554,35.27080043706371,22.551973969404663,0.221035443804381,0.40370551200811794,0.22281403297748592,0.22281403297748592,0.30677308452566093,0.17784945475998748,0.17784945475998748,bkg_mask.png
