lrc,redness,wpld,wpyv,wprg,gwld,gwyv,gwrg,gwl,gwa,gwb,hv,mean_cone_l,mean_cone_m,mean_cone_s,sd_cone_l,sd_cone_m,sd_cone_s,mask
0.1303091596061933,-0.33342089248459345,0.4770714600738483,-0.05090552063908005,-0.470490840361819,-0.8275971756374683,-0.06854059642945735,-0.11960856129153141,28.349966697747778,-33.69918429946187,10.11430213427474,0.18545735390482865,0.14401187776056,0.15168538245250743,0.15168538245250743,0.18074777477010473,0.1983599256419861,0.1983599256419861,obj_mask.png
0.36059356278082105,-0.24497461795799974,0.3545732606720871,-0.6553354469205612,-1.3203417979737355,-0.6353955688123557,-0.12015907091114901,0.2118338371542779,43.819834976581774,12.721597627433335,14.057298497178715,0.5463060644906389,0.35998536929441405,0.23726264876020425,0.23726264876020425,0.312343228653023,0.18876685235860946,0.18876685235860946,bkg_mask.png
