lrc,redness,wpld,wpyv,wprg,gwld,gwyv,gwrg,gwl,gwa,gwb,hv,mean_cone_l,mean_cone_m,mean_cone_s,sd_cone_l,sd_cone_m,sd_cone_s,mask
-0.4612578925370202,-0.21719900098390849,0.5135839713715665,-1.242344365420296,0.3630746220659751,-0.8071882629970202,-0.12715430628408128,0.10943854390909898,31.42713652038534,14.388396048734588,22.333198755243753,0.14657675869938436,0.1891214464740504,0.12480655344104101,0.12480655344104101,0.20451793574173652,0.14974671470230255,0.14974671470230255,obj_mask.png
0.20658455154783892,-0.2386116565392815,0.3118719577759526,-0.573066778492155,0.7180621990650959,-0.6351593555869275,0.017402869595261668,0.19258825361947673,44.07102984647598,21.283610218253738,4.7943654279084695,0.5496259228168581,0.3599597542422596,0.24336447475418968,0.24336447475418968,0.3002481234395841,0.19959172607441714,0.19959172607441714,bkg_mask.png
