lrc,redness,wpld,wpyv,wprg,gwld,gwyv,gwrg,gwl,gwa,gwb,hv,mean_cone_l,mean_cone_m,mean_cone_s,sd_cone_l,sd_cone_m,sd_cone_s,mask
0.030399533824179082,-0.29806752388814667,0.4984252594261358,-0.5099540319757356,-0.2639446611495849,-0.8029597065482494,-0.16345235983640885,-0.06607166141285085,31.026806347265918,-24.9019600282451,28.12755999104496,0.11865588618118339,0.17169875589336595,0.15908936170339086,0.15908936170339086,0.19872819324143837,0.19910992090464744,0.19910992090464744,obj_mask.png
0.2797732518959552,-0.23268695087445423,0.36130894260974883,-1.2556213583083395,-1.146701923171286,-0.6343817756888163,-0.1590139923649271,0.23996621343680294,43.92540770814126,16.447535851199223,20.873223077271927,0.3798786701960356,0.3636788345361922,0.23226171069676382,0.23226171069676382,0.30917579398489375,0.18779891801386234,0.18779891801386234,bkg_mask.png
