lrc,redness,wpld,wpyv,wprg,gwld,gwyv,gwrg,gwl,gwa,gwb,hv,mean_cone_l,mean_cone_m,mean_cone_s,sd_cone_l,sd_cone_m,sd_cone_s,mask
0.120721721827978,-0.3049842022120851,0.49806523201378117,-0.17180947701151322,-0.2812476226298662,-0.8333366660364439,-0.08998651755219338,-0.061114589922969614,28.483022911149906,-21.47150316537706,14.86473303888309,0.23877388092409513,0.1453235931243741,0.13636571465862662,0.13636571465862662,0.17298934285671838,0.17258114989516313,0.17258114989516313,obj_mask.png
0.3180162547840282,-0.23638762766990107,0.3511787845061107,-0.8572495540356412,-1.2750277845877422,-0.6320512366537547,-0.13302445044351885,0.2345542786705008,44.10043667465389,16.4539581508958,16.0046201961413,0.45438320369236174,0.36557441539213803,0.23547621532647672,0.23547621532647672,0.31006633367467784,0.18733717372612332,0.18733717372612332,bkg_mask.png
