lrc,redness,wpld,wpyv,wprg,gwld,gwyv,gwrg,gwl,gwa,gwb,hv,mean_cone_l,mean_cone_m,mean_cone_s,sd_cone_l,sd_cone_m,sd_cone_s,mask
-0.5157497631250618,-0.16765314202049492,0.5603962229552851,-0.6258330470448459,0.47229418118198446,-0.7074136912145548,-0.28077058097497853,0.35637590265908503,39.24978139223195,36.41749672545954,43.58502470074782,0.020375191113769286,0.3082293335783641,0.15344882821493958,0.15344882821493958,0.2809668451545131,0.1613143262943868,0.1613143262943868,obj_mask.png
0.09317401519464528,-0.1957143269374241,0.2609962795521037,-1.2856720211078778,0.8061608291312047,-0.60802633190944,-0.20614782772818757,0.3988214878794075,46.033223823671044,34.99048599289495,26.42827821085399,0.2078475494011205,0.4061346936333362,0.22279642179923098,0.22279642179923098,0.3049288291079313,0.17594855068242354,0.17594855068242354,bkg_mask.png
