lrc,redness,wpld,wpyv,wprg,gwld,gwyv,gwrg,gwl,gwa,gwb,hv,mean_cone_l,mean_cone_m,mean_cone_s,sd_cone_l,sd_cone_m,sd_cone_s,mask
-0.09126511589083154,-0.2509606837951959,0.5064444293892503,-0.14691853888632483,-0.08700543012445314,-0.8146801592350221,-0.09459946279956498,0.04184251061950122,30.303623268236223,3.1105571680160184,14.874628463937961,0.30101980888678415,0.17467827398007627,0.13189155116008913,0.13189155116008913,0.19883281985456658,0.16160839574136643,0.16160839574136643,obj_mask.png
0.2752656754060849,-0.222714551161203,0.28736286347173423,-0.9577660994253566,0.7626660715725792,-0.6296253145649505,-0.131296807202233,0.2774544995432649,44.32073283602246,23.95110719604527,15.620598248915114,0.359380763204714,0.3729217939573266,0.22960405542894982,0.22960405542894982,0.30833025701338124,0.18490166813261152,0.18490166813261152,bkg_mask.png
