lrc,redness,wpld,wpyv,wprg,gwld,gwyv,gwrg,gwl,gwa,gwb,hv,mean_cone_l,mean_cone_m,mean_cone_s,sd_cone_l,sd_cone_m,sd_cone_s,mask
-0.14112579794772726,-0.2553326495550813,0.5084621705370862,-0.36146239094522586,-0.062130193533741315,-0.817234623865314,-0.1337497219324403,0.02604013525524441,29.9090737116159,-2.221082094359194,23.214171341579487,0.18995474302809967,0.1698681963611881,0.1321051716531713,0.1321051716531713,0.19969015739371213,0.17234442371415526,0.17234442371415526,obj_mask.png
0.2749757107712274,-0.22510754663512425,0.29673378754199337,-0.9825761315575172,0.7545911001224136,-0.6271137521362858,-0.15368408473107203,0.2687534732273576,44.531393174077365,21.446561026274804,19.199831693530054,0.3501361498545542,0.3738789130043193,0.2326907769414323,0.2326907769414323,0.30720061956044115,0.18524009869370436,0.18524009869370436,bkg_mask.png
