lrc,redness,wpld,wpyv,wprg,gwld,gwyv,gwrg,gwl,gwa,gwb,hv,mean_cone_l,mean_cone_m,mean_cone_s,sd_cone_l,sd_cone_m,sd_cone_s,mask
0.033489872104561266,-0.30691087782164683,0.4979539306895162,-0.5173520958398357,-0.26308689437059485,-0.8225777348702564,-0.15042611203279127,-0.07530886960572505,29.118590869633724,-28.62169751487752,27.5954104565257,0.09849995621818863,0.15268232499350834,0.14604937306229968,0.14604937306229968,0.18532368452731565,0.18941136192103436,0.18941136192103436,obj_mask.png
0.3062495995859265,-0.23778371987291474,0.33600108992464456,-1.2441152577532217,-1.2082696017269976,-0.6329342106409784,-0.16029610923131885,0.2260011504644884,44.04153977480735,13.610984523534288,21.168748006439102,0.40393093425730686,0.36334229059700396,0.2358642583553028,0.2358642583553028,0.3092106192809595,0.1877535159227947,0.1877535159227947,bkg_mask.png
