lrc,redness,wpld,wpyv,wprg,gwld,gwyv,gwrg,gwl,gwa,gwb,hv,mean_cone_l,mean_cone_m,mean_cone_s,sd_cone_l,sd_cone_m,sd_cone_s,mask
-0.46367213475476476,-0.19786567528243987,0.5458085491663511,-0.6344356612906771,0.20497827155473408,-0.7845907687592114,-0.1828259622898495,0.17834297252838582,33.27295962487296,21.16846054252906,31.61505534316406,0.05185895901511062,0.21732577608175718,0.12857812589883613,0.12857812589883613,0.22775660998773886,0.1494329996283107,0.1494329996283107,obj_mask.png
0.1321205620047606,-0.20727404179123748,0.27047850494662795,-0.9649394344117161,0.7799251294217677,-0.6201228828337312,-0.17363866494965532,0.33527151135037336,45.08838753088011,29.65460424632977,22.348501824970686,0.24854817142606445,0.387918241641937,0.22564292492027554,0.22564292492027554,0.305938932372747,0.18203269814506315,0.18203269814506315,bkg_mask.png
