lrc,redness,wpld,wpyv,wprg,gwld,gwyv,gwrg,gwl,gwa,gwb,hv,mean_cone_l,mean_cone_m,mean_cone_s,sd_cone_l,sd_cone_m,sd_cone_s,mask
0.16546642527618638,-0.32632983879658206,0.4898971643958465,-0.1607528342118772,-0.37561788332597495,-0.8164421308253534,-0.10087761732994144,-0.11345477292764784,29.809222600546338,-34.201189478760256,15.512033802648203,0.16102877932106363,0.15456264082940885,0.1584941194438893,0.1584941194438893,0.18860532367253804,0.20379131582024568,0.20379131582024568,obj_mask.png
0.33492861835789484,-0.24249828295680487,0.3409047273101191,-0.869879298979462,-1.2954665613830239,-0.6353901703294909,-0.13126742212718512,0.21461915297072037,43.85528116160892,13.09537880629885,15.81190613486148,0.4999793051854988,0.3601558780271112,0.2365661248786775,0.2365661248786775,0.3099378839418498,0.188136180707206,0.188136180707206,bkg_mask.png
