lrc,redness,wpld,wpyv,wprg,gwld,gwyv,gwrg,gwl,gwa,gwb,hv,mean_cone_l,mean_cone_m,mean_cone_s,sd_cone_l,sd_cone_m,sd_cone_s,mask
-0.23961941976611925,-0.23250242763303386,0.4744354086501849,-0.4144353992743146,0.21780086960849235,-0.813639023138627,0.00766539743727529,0.0792487685736692,30.778016326580836,17.195253716499842,0.20050114487908002,0.36234186232538457,0.18158418594022144,0.12774428296857676,0.12774428296857676,0.19534065992832414,0.14910753117403508,0.14910753117403508,obj_mask.png
0.28754685613734354,-0.24340165508381906,0.29928520854255497,-0.34088622928745294,0.7185209917737384,-0.6382620315708118,0.09488846854183612,0.17895123028336812,43.90474864190852,23.32073403912408,-4.72696633498817,0.576492848124663,0.3566262459716413,0.2448424948681975,0.2448424948681975,0.2984742892412915,0.19866039279426756,0.19866039279426756,bkg_mask.png
