lrc,redness,wpld,wpyv,wprg,gwld,gwyv,gwrg,gwl,gwa,gwb,hv,mean_cone_l,mean_cone_m,mean_cone_s,sd_cone_l,sd_cone_m,sd_cone_s,mask
-0.4525401525007546,-0.19176734775903204,0.5637047238468293,-0.29052906149822466,0.4279416568443689,-0.752591826124648,-0.13567490946257238,0.22612450852967672,35.67419295705387,28.8128029257829,19.112842751546186,0.11221168276099625,0.253231011712077,0.14515310229294792,0.14515310229294792,0.2591613820905475,0.1654814714116194,0.1654814714116194,obj_mask.png
0.1768432824780544,-0.22820367224719154,0.29254747957454963,-0.8763873969202564,0.7532306370036885,-0.6282050616177594,0.024299772640154847,0.2415651841374039,44.63548933315445,27.532003917012506,2.8931496277759927,0.48772918260193887,0.3722848976388163,0.23993500333442927,0.23993500333442927,0.30014177934980374,0.1947793871512085,0.1947793871512085,bkg_mask.png
