lrc,redness,wpld,wpyv,wprg,gwld,gwyv,gwrg,gwl,gwa,gwb,hv,mean_cone_l,mean_cone_m,mean_cone_s,sd_cone_l,sd_cone_m,sd_cone_s,mask
-0.26827241664656937,-0.24616405951188752,0.5215550004175882,-0.5879618013147255,-0.008489860527715075,-0.7926271633705517,-0.18339337104949063,0.04531728502457895,31.82850744722154,-0.7117863778939754,31.75219868516284,0.11373985386762275,0.19413912478713796,0.14648025963658118,0.14648025963658118,0.21961742710074547,0.18441393123067906,0.18441393123067906,obj_mask.png
0.2341027114766492,-0.22013766128010978,0.4831201372057792,-1.4377773132835814,-0.20017466770336018,-0.630361170426381,-0.16809108417035645,0.2821010547364504,44.344121636793936,22.920920823937543,22.31647049389922,0.2936301165924131,0.37224814313659965,0.22755022805447014,0.22755022805447014,0.3053978819664894,0.18321069260296305,0.18321069260296305,bkg_mask.png
