lrc,redness,wpld,wpyv,wprg,gwld,gwyv,gwrg,gwl,gwa,gwb,hv,mean_cone_l,mean_cone_m,mean_cone_s,sd_cone_l,sd_cone_m,sd_cone_s,mask
0.07519076150445403,-0.29653087827029384,0.4371800157591582,0.5818132156226994,-0.6205122194228943,-0.8330024616013599,-0.013530983916421092,-0.046606501513844115,29.04129667458169,-10.865421852868545,2.9455102455825046,0.611947788555553,0.1484823379064332,0.13535812272225836,0.13535812272225836,0.1633737686844422,0.15761231705868817,0.15761231705868817,obj_mask.png
0.3577667657433485,-0.2605782202085705,0.28673140221608284,-0.3686177368302425,0.497229236410991,-0.6429509458283955,0.07851733929993196,0.12024808135062494,43.57341931923736,13.314439385952333,-2.9145854689398196,0.7891091003690558,0.3451005818777161,0.25158593283434694,0.25158593283434694,0.2981993855081739,0.20112867828191588,0.20112867828191588,bkg_mask.png
