lrc,redness,wpld,wpyv,wprg,gwld,gwyv,gwrg,gwl,gwa,gwb,hv,mean_cone_l,mean_cone_m,mean_cone_s,sd_cone_l,sd_cone_m,sd_cone_s,mask
-0.48962989819856395,-0.16002762507053764,0.5450093266332362,-0.3516552263176633,0.47335939249974945,-0.7057908125746685,-0.2406173867686864,0.39925485991489046,39.86414024349745,42.30235361674518,34.3189049677599,0.027250333452519926,0.3154013956920005,0.1476519203122904,0.1476519203122904,0.26836075103278206,0.14414838177989514,0.14414838177989514,obj_mask.png
0.0790917309616936,-0.19267260144282367,0.25123750273842366,-1.0091030887185755,0.8014730211659068,-0.6024672014005487,-0.190583735351139,0.4205615961968106,46.38225836953117,37.60930156017276,22.667368811435463,0.21213703829138908,0.4140735047320053,0.22337910380633524,0.22337910380633524,0.30702535611491805,0.17565383922149763,0.17565383922149763,bkg_mask.png
