lrc,redness,wpld,wpyv,wprg,gwld,gwyv,gwrg,gwl,gwa,gwb,hv,mean_cone_l,mean_cone_m,mean_cone_s,sd_cone_l,sd_cone_m,sd_cone_s,mask
0.11017509247168009,-0.34043422703007364,0.4746917634967063,-0.19520821898554466,-0.5468479986991365,-0.8138475646932076,-0.11606237079846986,-0.1456035258854668,29.596084868555362,-43.57822770891725,17.803704178985885,0.08817750464582286,0.15292550721945314,0.16600813687920823,0.16600813687920823,0.19301589885307704,0.21653241152909683,0.21653241152909683,obj_mask.png
0.36080250696001404,-0.24824994056326072,0.33383479626082535,-0.9808502569409626,-1.2826000596981728,-0.640107751687335,-0.13354449649684508,0.19926497823094705,43.44317046743697,9.46243100640172,16.60219118135043,0.5170356522372556,0.353947244178103,0.23570681438373312,0.23570681438373312,0.31230058727998006,0.18938929824211764,0.18938929824211764,bkg_mask.png
