lrc,redness,wpld,wpyv,wprg,gwld,gwyv,gwrg,gwl,gwa,gwb,hv,mean_cone_l,mean_cone_m,mean_cone_s,sd_cone_l,sd_cone_m,sd_cone_s,mask
-0.2144495757305446,-0.2575881362933047,0.4912267463080482,-0.6245655797714295,0.3845347065479287,-0.8182961727510359,-0.08744856231420005,0.022775047182485013,30.5094765426048,0.0439024750878093,14.969909637904673,0.3179514510707542,0.16918649624099166,0.13270956665550854,0.13270956665550854,0.17786925468306422,0.1510335835576392,0.1510335835576392,obj_mask.png
0.2918256869687757,-0.24954547719581416,0.30104536900593126,-0.4806314331874185,0.6142565038000964,-0.6375336990436055,0.0376186398969008,0.1555270728098742,43.97468283191039,16.7138982599244,2.017564590346748,0.6469911017022261,0.35367644218212935,0.2486110567067612,0.2486110567067612,0.29743863260469927,0.1988399496401953,0.1988399496401953,bkg_mask.png
