lrc,redness,wpld,wpyv,wprg,gwld,gwyv,gwrg,gwl,gwa,gwb,hv,mean_cone_l,mean_cone_m,mean_cone_s,sd_cone_l,sd_cone_m,sd_cone_s,mask
-0.3706798298709566,-0.22086882245148448,0.5272965753926183,-0.3072039262413779,0.11227964078551282,-0.8017427416229144,-0.14115015895229838,0.11060426928429533,31.63714467061726,12.782037287428707,23.546251168884584,0.13571743222305377,0.19408070926744558,0.1284942837714279,0.1284942837714279,0.21016270882417998,0.15114762632449166,0.15114762632449166,obj_mask.png
0.21325591384150971,-0.21498252556459022,0.28173474396336545,-0.9601572110874764,0.768419090855642,-0.621413230462965,-0.15723279037582547,0.30714631815613774,44.94495408747973,26.71754685225775,19.32244489465542,0.2963408273046717,0.38363800040278717,0.2300329425517885,0.2300329425517885,0.3070851375409805,0.18401314524176587,0.18401314524176587,bkg_mask.png
