lrc,redness,wpld,wpyv,wprg,gwld,gwyv,gwrg,gwl,gwa,gwb,hv,mean_cone_l,mean_cone_m,mean_cone_s,sd_cone_l,sd_cone_m,sd_cone_s,mask
0.11447483516223765,-0.3265919781633686,0.487194691598068,-0.36117474517579995,-0.4016620535038391,-0.810408323214351,-0.14240939307354727,-0.11967312924517275,30.277956415987617,-38.74770725011871,23.710494485761416,0.08448164952611892,0.15878288962212178,0.1634744492037502,0.1634744492037502,0.18937469611998714,0.2049261992208743,0.2049261992208743,obj_mask.png
0.3300468783916939,-0.24469738922120204,0.3244082215284337,-1.1288115342229632,-1.2654447241183717,-0.6323011922965273,-0.1519410092785475,0.20681342143127718,44.153325025003504,10.345990192106607,19.228521859641408,0.46106531747939994,0.3617775909887833,0.23996129841580074,0.23996129841580074,0.3088228552766155,0.18818928955462344,0.18818928955462344,bkg_mask.png
