lrc,redness,wpld,wpyv,wprg,gwld,gwyv,gwrg,gwl,gwa,gwb,hv,mean_cone_l,mean_cone_m,mean_cone_s,sd_cone_l,sd_cone_m,sd_cone_s,mask
-0.31539375604192466,-0.23672044179104235,0.5127083184380634,-0.8680275006535085,0.46204488346519645,-0.8096248908036179,-0.09687513440758581,0.06885393921011443,31.221495077437705,8.611107560316322,16.312290545417337,0.24395322792215202,0.1825121995444382,0.1308211108908313,0.1308211108908313,0.1964158820367494,0.1532930544437082,0.1532930544437082,obj_mask.png
0.2568658501389264,-0.24418543083760025,0.30997971625005566,-0.5145564542125769,0.6619961916225796,-0.6365808761592496,0.034251001429862246,0.17280114235821203,44.0327413156198,19.32468699169145,2.4440332573050645,0.6006444543333154,0.35655262229122703,0.24615609926773213,0.24615609926773213,0.2981147414520937,0.1991844685079055,0.1991844685079055,bkg_mask.png
