lrc,redness,wpld,wpyv,wprg,gwld,gwyv,gwrg,gwl,gwa,gwb,hv,mean_cone_l,mean_cone_m,mean_cone_s,sd_cone_l,sd_cone_m,sd_cone_s,mask
0.12305257929742283,-0.33623366788394965,0.4795140790313785,-0.1473050797501212,-0.47574116330514665,-0.8195054354684264,-0.10132558138599086,-0.13311952580876255,28.80832904683852,-38.90610026322728,15.223368608653464,0.12023261891499293,0.14939800748556822,0.1597058999950707,0.1597058999950707,0.19431229749011977,0.21610787027743839,0.21610787027743839,obj_mask.png
0.348113668664113,-0.24799729564928924,0.3404333985734995,-0.8772773628435621,-1.2946087946040337,-0.640773631279663,-0.1272162596948518,0.19714519527588972,43.39487164856445,9.99680167904357,15.530617649553301,0.5351683699622858,0.3531749426572512,0.23569514508115488,0.23569514508115488,0.3110491251820732,0.18943793810712764,0.18943793810712764,bkg_mask.png
