lrc,redness,wpld,wpyv,wprg,gwld,gwyv,gwrg,gwl,gwa,gwb,hv,mean_cone_l,mean_cone_m,mean_cone_s,sd_cone_l,sd_cone_m,sd_cone_s,mask
-0.05357516958899473,-0.253168161547437,0.5087058980627088,-0.26005587963220445,-0.05198461808634082,-0.8202630868362402,-0.11276622796235315,0.039068695808792256,30.153753276631836,0.6676297795543085,19.35343915773518,0.23791056804400912,0.16892561894969424,0.12781803609629816,0.12781803609629816,0.1899629647367768,0.15415495671369142,0.15415495671369142,obj_mask.png
0.2790409617806561,-0.22355442433071798,0.29720511627861296,-0.9751780676934172,0.7537333333434235,-0.6285915400173276,-0.14368367236240487,0.27413555737886475,44.38946360317411,22.809271042776817,17.56554103872867,0.34913878548361277,0.37329988956632293,0.23077077270122864,0.23077077270122864,0.30816984104115713,0.18546442455377082,0.18546442455377082,bkg_mask.png
