lrc,redness,wpld,wpyv,wprg,gwld,gwyv,gwrg,gwl,gwa,gwb,hv,mean_cone_l,mean_cone_m,mean_cone_s,sd_cone_l,sd_cone_m,sd_cone_s,mask
-0.3483068360809072,-0.2389959199878876,0.49246108180257564,-1.4817971447057279,-0.34839270594426996,-0.8073967801259432,-0.1210701020200663,0.06304019590232089,31.385445524011967,6.012676289176078,20.870375711430775,0.19913360006956515,0.18352284088725515,0.13313822040073858,0.13313822040073858,0.19834192423109565,0.1577766289195867,0.1577766289195867,obj_mask.png
0.2285518438029628,-0.24299560266418518,0.31299576553326325,-0.5415328691291166,0.6760755305256756,-0.638949318111513,0.02296528615354847,0.17465849737409547,43.74347092243369,19.08011397347813,4.16579896091627,0.5857786729776211,0.3544186107083336,0.24381624569104443,0.24381624569104443,0.3006719132641664,0.20099860077055887,0.20099860077055887,bkg_mask.png
