lrc,redness,wpld,wpyv,wprg,gwld,gwyv,gwrg,gwl,gwa,gwb,hv,mean_cone_l,mean_cone_m,mean_cone_s,sd_cone_l,sd_cone_m,sd_cone_s,mask
-0.2742213874826897,-0.22937060571432408,0.5225463819735412,-0.31229178443638606,-0.0787828327738074,-0.8064176784734027,-0.12669742653412455,0.08843375084312866,31.18688984444266,9.983616316750034,20.737540909639886,0.18212620319841988,0.18735163486665818,0.1291962460661556,0.1291962460661556,0.2034063642750556,0.15288270834308484,0.15288270834308484,obj_mask.png
0.23818497438318406,-0.2168531374267306,0.28547754852525586,-0.9873583548817568,0.7660971386885395,-0.6233717845996009,-0.15002800298829141,0.30000424258164005,44.794846420341045,26.12911719840358,18.198063238373084,0.3103364146729881,0.38109011798292813,0.2299597307578158,0.2299597307578158,0.30764038632685503,0.1843542883185387,0.1843542883185387,bkg_mask.png
