lrc,redness,wpld,wpyv,wprg,gwld,gwyv,gwrg,gwl,gwa,gwb,hv,mean_cone_l,mean_cone_m,mean_cone_s,sd_cone_l,sd_cone_m,sd_cone_s,mask
0.1331379328359971,-0.32272784060977383,0.4874545454383162,-0.06435327510083594,-0.3703675603826471,-0.8251485617981383,-0.06688493997336564,-0.10056104773863267,28.955918983970555,-28.342412135991747,10.022015540150417,0.24950406616703946,0.14855367309373413,0.15013845378950474,0.15013845378950474,0.18194891099554167,0.19401852868330008,0.19401852868330008,obj_mask.png
0.3407769886709664,-0.24275967288678546,0.3574012330918046,-0.610947063735961,-1.325488398647676,-0.6328071864613054,-0.12005376719754592,0.21620621563884787,44.11917801726479,13.98499664060977,13.944454067192133,0.5302683631674625,0.3628949366081765,0.23844581583123645,0.23844581583123645,0.3090122997275235,0.1865812873710379,0.1865812873710379,bkg_mask.png
