lrc,redness,wpld,wpyv,wprg,gwld,gwyv,gwrg,gwl,gwa,gwb,hv,mean_cone_l,mean_cone_m,mean_cone_s,sd_cone_l,sd_cone_m,sd_cone_s,mask
0.11856394084014278,-0.33451959625092864,0.4469697003507592,0.5513040555539936,-1.2247866886832723,-0.8195494866156634,-0.059615166788129004,-0.13100566706156233,29.25141938225759,-34.167706071306014,8.775647424231268,0.1755854154086678,0.1502250685877969,0.1600318244556247,0.1600318244556247,0.18328546310531504,0.20302090684714305,0.20302090684714305,obj_mask.png
0.3823217690729954,-0.27236379172954567,0.3484459870960325,-0.7515102771538615,-1.3091908298468649,-0.6515103944546885,0.0621118216554989,0.08249133324932337,42.94262002219912,5.318003214190078,-0.8051484622797427,0.8989835866340887,0.3324816119322554,0.2515969379936959,0.2515969379936959,0.29649519627927245,0.2019399567388705,0.2019399567388705,bkg_mask.png
