lrc,redness,wpld,wpyv,wprg,gwld,gwyv,gwrg,gwl,gwa,gwb,hv,mean_cone_l,mean_cone_m,mean_cone_s,sd_cone_l,sd_cone_m,sd_cone_s,mask
-0.05192404410912572,-0.260498476142322,0.5085178211992187,-0.18869108153106467,-0.07121055766337707,-0.8258551071992284,-0.09750304428804366,0.022792841030568205,29.676418361993925,-1.6203121168470533,16.551321848990433,0.2884732987379782,0.16205996867681632,0.1267710591745535,0.1267710591745535,0.17794669831154128,0.1492816047758301,0.1492816047758301,obj_mask.png
0.28567998736040445,-0.22605035181291708,0.29767644501523255,-0.9677800038293172,0.7528755665644334,-0.6235670690719337,-0.14011680745373548,0.2687783523502683,44.736262345924885,22.00348918334941,16.647823084086948,0.37143459868151274,0.37735762573631476,0.2356284403059776,0.2356284403059776,0.3092577179177996,0.18696809179766175,0.18696809179766175,bkg_mask.png
