lrc,redness,wpld,wpyv,wprg,gwld,gwyv,gwrg,gwl,gwa,gwb,hv,mean_cone_l,mean_cone_m,mean_cone_s,sd_cone_l,sd_cone_m,sd_cone_s,mask
-0.4865526497434708,-0.15169103805986867,0.5351392484952913,-0.42062891275668335,0.48683231279372285,-0.6674826977170063,-0.30312556761618886,0.49480055391376304,42.583768349569105,47.133171075420634,42.45603554551986,0.019833726375710015,0.3611673146373385,0.15845355454445323,0.15845355454445323,0.28104440816539145,0.14171308714682893,0.14171308714682893,obj_mask.png
0.05074131740006383,-0.18923594843047006,0.2292241787726344,-0.9248838167958741,0.8190871494543505,-0.6090037927164234,-0.20007093226466666,0.4301531704508467,45.96528657666283,38.48501748355544,24.593953980762365,0.19940085754291825,0.4090334534186811,0.21649965622682732,0.21649965622682732,0.30571353000682583,0.17254976038982103,0.17254976038982103,bkg_mask.png
