lrc,redness,wpld,wpyv,wprg,gwld,gwyv,gwrg,gwl,gwa,gwb,hv,mean_cone_l,mean_cone_m,mean_cone_s,sd_cone_l,sd_cone_m,sd_cone_s,mask
0.13564101073159157,-0.35258364571972517,0.45067559885976843,0.5929956922057056,-1.4267487821995957,-0.8070184091569462,-0.06192838479206713,-0.17671761186953283,30.173406499196457,-45.196729091704945,8.306381136340152,0.11365861433303626,0.15634706123207492,0.17779219917743372,0.17779219917743372,0.1972182677154461,0.2266482833691902,0.2266482833691902,obj_mask.png
0.3913602303792974,-0.2802097293812807,0.35127395951574997,-0.7071218939692614,-1.314337430520805,-0.6559096399830683,0.06844237081052101,0.058219132165000534,42.525906996247876,1.018007290337004,-1.4871313053169093,0.9482423788370473,0.3256379392347607,0.2527441819445303,0.2527441819445303,0.2963916166971737,0.20535419362028418,0.20535419362028418,bkg_mask.png
