lrc,redness,wpld,wpyv,wprg,gwld,gwyv,gwrg,gwl,gwa,gwb,hv,mean_cone_l,mean_cone_m,mean_cone_s,sd_cone_l,sd_cone_m,sd_cone_s,mask
-0.384681685903654,-0.21561687358879733,0.5321027646126649,-0.4547157457678973,0.16223755850571125,-0.8020330903189326,-0.1643327766114326,0.12135350589370861,31.66214729951472,13.46965604259444,29.32657164422066,0.07996080969101971,0.1947427879063044,0.12591916057145025,0.12591916057145025,0.21037339865530408,0.14971350216286153,0.14971350216286153,obj_mask.png
0.19534723756546601,-0.2134441695438678,0.2840635623153971,-1.009552546474057,0.7686704390255096,-0.6188312819434373,-0.1719801612757984,0.3137726057367203,45.1228215947697,26.813010121928546,21.835918601353693,0.2701846220322176,0.3865887845511074,0.23054002696854045,0.23054002696854045,0.30735287566889885,0.1839196693425978,0.1839196693425978,bkg_mask.png
