lrc,redness,wpld,wpyv,wprg,gwld,gwyv,gwrg,gwl,gwa,gwb,hv,mean_cone_l,mean_cone_m,mean_cone_s,sd_cone_l,sd_cone_m,sd_cone_s,mask
0.038368151690374976,-0.32119521236089527,0.4540391672478239,0.548850027000189,-0.8631005183599129,-0.8173164985160849,-0.0896686252724403,-0.1096274675057337,29.472748925931516,-30.20835687201577,13.745378126797428,0.19984246481846013,0.1543745243361729,0.15733602366800556,0.15733602366800556,0.18912051105819977,0.20390973400008475,0.20390973400008475,obj_mask.png
0.36746995619020123,-0.26696289018115477,0.3384064576904565,-0.9462510492825822,-1.2811358743100603,-0.6556349530656802,0.05047200759299522,0.09735817114935538,42.54325319613065,7.485565678246364,0.9677368783905932,0.8126683250466598,0.33026182150285305,0.24556310905396136,0.24556310905396136,0.29739396472064206,0.2022693846426962,0.2022693846426962,bkg_mask.png
