lrc,redness,wpld,wpyv,wprg,gwld,gwyv,gwrg,gwl,gwa,gwb,hv,mean_cone_l,mean_cone_m,mean_cone_s,sd_cone_l,sd_cone_m,sd_cone_s,mask
-0.4571050882678286,-0.17878114164053785,0.5445241447377795,-0.18284813070980677,0.3552230101617863,-0.7307431243241067,-0.18800830681373765,0.2969719010315835,37.61835458516249,33.893887358202285,26.734850200844164,0.06704014917412449,0.2810234780298949,0.14806274263048502,0.14806274263048502,0.2662167117823677,0.15588125745665948,0.15588125745665948,obj_mask.png
0.10059564594354929,-0.22260569718284817,0.26950814115571464,-0.6273252431960029,0.5436523647458416,-0.634371352180016,0.0072394087881183155,0.25600467763188933,44.18654439586257,28.96509235373317,5.469816074860651,0.45204307859083015,0.3680489496308948,0.23232713149669326,0.23232713149669326,0.3001267517884282,0.19425870419777086,0.19425870419777086,bkg_mask.png
