lrc,redness,wpld,wpyv,wprg,gwld,gwyv,gwrg,gwl,gwa,gwb,hv,mean_cone_l,mean_cone_m,mean_cone_s,sd_cone_l,sd_cone_m,sd_cone_s,mask
0.12911360773833896,-0.3481582195656259,0.446245563366702,0.5977779155299452,-1.4382548207657215,-0.8206686934689745,-0.04963255102793408,-0.1553925235236744,29.034304174657784,-40.521853846840436,6.95719764955753,0.13568813475536579,0.1464506127282051,0.1637626411413092,0.1637626411413092,0.18743933303731658,0.21373508894163018,0.21373508894163018,obj_mask.png
0.3837256920503522,-0.27667793087984355,0.35268794572560874,-0.6849277023769613,-1.3169107308577754,-0.6530792965139849,0.0697597703281868,0.06920347858482606,42.7417819070518,3.2696662911840737,-1.7791985451345853,0.9511320302773711,0.3295720903828124,0.2529386428234308,0.2529386428234308,0.296928716680974,0.20436600158334842,0.20436600158334842,bkg_mask.png
