lrc,redness,wpld,wpyv,wprg,gwld,gwyv,gwrg,gwl,gwa,gwb,hv,mean_cone_l,mean_cone_m,mean_cone_s,sd_cone_l,sd_cone_m,sd_cone_s,mask
-0.49620144177272496,-0.18933033825277495,0.5752283145475157,-1.1665658957573701,0.4857072828376632,-0.7308499897735994,-0.22003513498447627,0.250961698136747,37.304094558476294,27.28130506495458,32.86326900885373,0.05332701736006085,0.275000646769339,0.1557243149342371,0.1557243149342371,0.2745315055589601,0.17279968806888704,0.17279968806888704,obj_mask.png
0.14747448264500007,-0.2256575391286836,0.345390246846569,-1.3361910008831617,0.7244057219500792,-0.6277704782652976,-0.015598027562341186,0.250846448216164,44.70206317090473,26.850387910212394,8.48859675207556,0.45619419217296375,0.3731950853844282,0.23788006749088142,0.23788006749088142,0.2994490507156778,0.1929803586821896,0.1929803586821896,bkg_mask.png
