lrc,redness,wpld,wpyv,wprg,gwld,gwyv,gwrg,gwl,gwa,gwb,hv,mean_cone_l,mean_cone_m,mean_cone_s,sd_cone_l,sd_cone_m,sd_cone_s,mask
-0.344288538824291,-0.22313370836080537,0.5087031607546911,-0.7451009843814091,0.420413285365031,-0.8032709521692336,-0.05868416891702393,0.10086793458556173,31.656648872642656,16.771016695065896,9.539936336647122,0.25890760967386206,0.19273681085960473,0.13055517747963202,0.13055517747963202,0.20917702204719751,0.1559798176490481,0.1559798176490481,obj_mask.png
0.2307079955867379,-0.23972945497627934,0.29457192117635916,-0.4148668679284532,0.7270986595636391,-0.6417800867526765,0.059120516064270615,0.18746425803334796,43.57545488271042,22.892134812940668,-0.7184418320878869,0.5646608592973673,0.35385674117218857,0.2399895800457535,0.2399895800457535,0.2995192372442242,0.1993317662789648,0.1993317662789648,bkg_mask.png
