lrc,redness,wpld,wpyv,wprg,gwld,gwyv,gwrg,gwl,gwa,gwb,hv,mean_cone_l,mean_cone_m,mean_cone_s,sd_cone_l,sd_cone_m,sd_cone_s,mask
-0.4751976593863552,-0.18276299445059532,0.5733429996010373,-1.1961581512137704,0.4891383499536235,-0.7558401904133648,-0.21351973718742245,0.25452161127104767,35.85672336680517,28.82927248415011,34.86416122098079,0.03767396194743233,0.2524431387529079,0.13616544156287375,0.13616544156287375,0.2443745053086255,0.14665734526952612,0.14665734526952612,obj_mask.png
0.12967591137571,-0.20239810485129717,0.25733695098341197,-0.9993139131923556,0.7948622351038539,-0.6104771253620535,-0.1869098586012798,0.36634296585391724,45.83185639816244,32.28758806186857,23.453521907289762,0.23108475725731592,0.4003091551388328,0.2271394999758854,0.2271394999758854,0.30507560823514085,0.17910875105368151,0.17910875105368151,bkg_mask.png
