lrc,redness,wpld,wpyv,wprg,gwld,gwyv,gwrg,gwl,gwa,gwb,hv,mean_cone_l,mean_cone_m,mean_cone_s,sd_cone_l,sd_cone_m,sd_cone_s,mask
-0.5132605226246554,-0.1808811300832643,0.5659965171325876,-0.7098275900898067,0.47108134396373946,-0.7573777979631812,-0.1975349772520873,0.2563798087839347,35.47684377581884,29.93675124097791,30.981742401356847,0.04773911348024151,0.25148002892248994,0.13494287223619916,0.13494287223619916,0.24845795078032035,0.1494592888181917,0.1494592888181917,obj_mask.png
0.1260837531940812,-0.20203488690284124,0.26016492340312947,-0.9549255300077555,0.7897156344299135,-0.6133842469192057,-0.17591314597001534,0.3650624941708785,45.58487955520857,32.79838569386586,21.627969990347843,0.2374587509198246,0.397635836607445,0.22535233742722416,0.22535233742722416,0.3059951126807737,0.17982863937720958,0.17982863937720958,bkg_mask.png
