lrc,redness,wpld,wpyv,wprg,gwld,gwyv,gwrg,gwl,gwa,gwb,hv,mean_cone_l,mean_cone_m,mean_cone_s,sd_cone_l,sd_cone_m,sd_cone_s,mask
-0.49847593837555776,-0.1554094127662868,0.5426526829501384,-0.38864554563816334,0.4776482263946998,-0.7049559817860238,-0.2545029938840237,0.4150213222376776,39.72963848205288,43.55452921265831,37.161497674472976,0.022205406210355938,0.31783436734810955,0.14519252248365985,0.14519252248365985,0.27656111052031407,0.14656233166942767,0.14656233166942767,obj_mask.png
0.03304067850316362,-0.19160816560894098,0.24139524993154488,-0.991691120450515,0.8104057593950623,-0.6086001534364284,-0.19149397886171915,0.41740612231451424,45.914802861654856,37.54998671115692,23.278144773923614,0.2102728430387537,0.4080231621876393,0.21926238025630657,0.21926238025630657,0.3073407910951854,0.17542277062095774,0.17542277062095774,bkg_mask.png
