lrc,redness,wpld,wpyv,wprg,gwld,gwyv,gwrg,gwl,gwa,gwb,hv,mean_cone_l,mean_cone_m,mean_cone_s,sd_cone_l,sd_cone_m,sd_cone_s,mask
-0.008075207804385514,-0.2789961393412117,0.5051954671488375,-0.34778990760572925,-0.1458521824427146,-0.8205834601505044,-0.128423170239457,-0.017179168283888248,29.745799860593824,-12.508915573678076,22.324967764712945,0.195372719821988,0.16173522031743673,0.1374575036202318,0.1374575036202318,0.18505010410269285,0.16929175306986477,0.16929175306986477,obj_mask.png
0.29936467658945726,-0.23025414904254,0.40508674543984563,-1.1791687020121915,-0.974865389189002,-0.6313427435530113,-0.1496774326351385,0.25119350000707447,44.17578621292545,18.727331463699436,18.8644421985341,0.3802863169826748,0.3679531521826287,0.23271374372758347,0.23271374372758347,0.3086423634714093,0.18617732198215844,0.18617732198215844,bkg_mask.png
