lrc,redness,wpld,wpyv,wprg,gwld,gwyv,gwrg,gwl,gwa,gwb,hv,mean_cone_l,mean_cone_m,mean_cone_s,sd_cone_l,sd_cone_m,sd_cone_s,mask
0.014630176827859392,-0.2749968619539216,0.4442420919245753,0.5540367802895674,0.0562295483501984,-0.8280201940313033,0.023796390182379862,-0.00928860962254134,29.184985759254054,1.5053147471224841,-2.131515032995904,0.9078550746543204,0.15805585688989351,0.13307402778130736,0.13307402778130736,0.17760642913398847,0.16022685920215535,0.16022685920215535,obj_mask.png
0.34598445139528816,-0.2548715916351511,0.296455081980441,-0.31809875705495855,0.5789843435921165,-0.6432534474421414,0.09976203591427918,0.1389295730657554,43.51535141394026,17.742264502039273,-5.253457883958031,0.6984411092445095,0.3473486056563813,0.24835816538727676,0.24835816538727676,0.2988243327241982,0.20082531029424908,0.20082531029424908,bkg_mask.png
