lrc,redness,wpld,wpyv,wprg,gwld,gwyv,gwrg,gwl,gwa,gwb,hv,mean_cone_l,mean_cone_m,mean_cone_s,sd_cone_l,sd_cone_m,sd_cone_s,mask
0.06658397504552403,-0.31580950467731145,0.4494305997653115,0.5831435997878007,-1.0642048450972463,-0.8332255401918122,-0.04873516166834585,-0.08628655093673733,28.417289290610398,-23.317669013806732,8.079495450088771,0.3044766517494768,0.1430550081179495,0.14173111204778596,0.14173111204778596,0.17073468381112894,0.1788070040881145,0.1788070040881145,obj_mask.png
0.3565649838587702,-0.26680656818600823,0.3626787510484708,-0.7510608193983803,-1.2763882477064676,-0.6431272902590685,0.05911326447291829,0.09915732960434555,43.54279092689257,8.32596198118838,-0.5836611889823661,0.8429839904740729,0.34215225143393074,0.25491700226471414,0.25491700226471414,0.2978258865836954,0.2025623069678447,0.2025623069678447,bkg_mask.png
