lrc,redness,wpld,wpyv,wprg,gwld,gwyv,gwrg,gwl,gwa,gwb,hv,mean_cone_l,mean_cone_m,mean_cone_s,sd_cone_l,sd_cone_m,sd_cone_s,mask
-0.46322632390916296,-0.200460108033447,0.5600901443135563,-1.5760752488227323,0.5222361838949809,-0.7857226142669296,-0.19217127562269415,0.1695805276399156,33.13177417065954,19.32613779816879,34.15120097579815,0.05424632636391158,0.21510437311441435,0.12913307663021,0.12913307663021,0.22234244627229321,0.14847342860834872,0.14847342860834872,obj_mask.png
0.16648073950152442,-0.2089647589470439,0.28264957610553837,-1.031746738066357,0.7712437393624798,-0.6155404379782443,-0.18450660815033224,0.3332791522072898,45.38550844380217,28.6551348605609,23.870640448247876,0.24592381751060055,0.39175275500658047,0.22929950545679556,0.22929950545679556,0.30639907848712616,0.1824426260414041,0.1824426260414041,bkg_mask.png
