lrc,redness,wpld,wpyv,wprg,gwld,gwyv,gwrg,gwl,gwa,gwb,hv,mean_cone_l,mean_cone_m,mean_cone_s,sd_cone_l,sd_cone_m,sd_cone_s,mask
0.017840106381268764,-0.2868332979934447,0.4351704746340361,0.6097334738405441,-1.467019917181036,-0.8278245592383163,0.0032062437699843884,-0.033593037944979726,28.95325598214441,-5.167739779666362,0.24222863120283472,0.8394785737846929,0.15505277679270718,0.13724788329701554,0.13724788329701554,0.18018716221971262,0.16984525069215628,0.16984525069215628,obj_mask.png
0.35838384794921035,-0.25804139878169724,0.28476703857459074,-0.35292269359107964,0.5611188671338053,-0.6472526241633101,0.08895005666304116,0.12752731560895744,43.23006776999555,15.374981592979221,-4.14435050964949,0.7474818404796719,0.3421451395679051,0.24718031047190478,0.24718031047190478,0.298114184799256,0.2006341050630925,0.2006341050630925,bkg_mask.png
