lrc,redness,wpld,wpyv,wprg,gwld,gwyv,gwrg,gwl,gwa,gwb,hv,mean_cone_l,mean_cone_m,mean_cone_s,sd_cone_l,sd_cone_m,sd_cone_s,mask
0.20598818209311662,-0.35645929664132175,0.4351704746340361,0.6097334738405441,-1.467019917181036,-0.8273977586325347,-0.008700629176933133,-0.16529216979888361,28.470843564463543,-40.476204724347696,1.247072735340476,0.12939883066323565,0.1396702367987452,0.16115404702859001,0.16115404702859001,0.1810892955750387,0.20952623774016432,0.20952623774016432,obj_mask.png
0.42057719034888463,-0.2839802301541687,0.37389773887349004,-0.35201482849245996,-1.355510235912328,-0.6516617746184252,0.09145025896109417,0.05199961367158262,42.84619110139718,0.8936033577880229,-4.332026596709361,0.9119741282999844,0.32916416188797826,0.2575117482477407,0.2575117482477407,0.2981523026086618,0.20529168449065566,0.20529168449065566,bkg_mask.png
