lrc,redness,wpld,wpyv,wprg,gwld,gwyv,gwrg,gwl,gwa,gwb,hv,mean_cone_l,mean_cone_m,mean_cone_s,sd_cone_l,sd_cone_m,sd_cone_s,mask
-0.389132897298777,-0.2070823360399968,0.5386457162632067,-0.523914161084658,0.1593091877294861,-0.7839126271709391,-0.1750873392925718,0.1582997094117516,33.65187018456068,18.294932784744965,29.808682097544494,0.07109813242874174,0.21569227620922254,0.1328531335252636,0.1328531335252636,0.21846950651849398,0.14849964438339186,0.14849964438339186,obj_mask.png
0.16953495735466034,-0.20951656428155174,0.27890677154364796,-1.0045455942720767,0.7735656915295823,-0.6198034054496989,-0.16971907261529207,0.3280896943535926,45.10814962825771,28.844663491595423,21.472731332333453,0.2587896290392627,0.38742053365925816,0.2272533600252851,0.2272533600252851,0.3060170746244171,0.18213423352936642,0.18213423352936642,bkg_mask.png
