lrc,redness,wpld,wpyv,wprg,gwld,gwyv,gwrg,gwl,gwa,gwb,hv,mean_cone_l,mean_cone_m,mean_cone_s,sd_cone_l,sd_cone_m,sd_cone_s,mask
-0.3325662164974901,-0.21877454662941004,0.5270689741816214,-0.21319547879245676,0.1232829830119034,-0.7985452887090358,-0.12396729255589045,0.11882213735571764,32.03129163066649,15.124853354244596,19.65213460911877,0.16089018213774298,0.1982609603965802,0.12975010566797343,0.12975010566797343,0.20869095929017248,0.14886401476809005,0.14886401476809005,obj_mask.png
0.21536157190247068,-0.2140470586648705,0.28547754852525586,-0.9873583548817568,0.7660971386885395,-0.6212775997999986,-0.14698824696051005,0.3121025020381338,44.961634060336515,27.8191602795248,17.5370447453385,0.3016717987433748,0.38450195016263905,0.22942293612335563,0.22942293612335563,0.3071490614752275,0.18342485445443674,0.18342485445443674,bkg_mask.png
