lrc,redness,wpld,wpyv,wprg,gwld,gwyv,gwrg,gwl,gwa,gwb,hv,mean_cone_l,mean_cone_m,mean_cone_s,sd_cone_l,sd_cone_m,sd_cone_s,mask
-0.1351099265995829,-0.2539634386100413,0.45171512133281433,0.5773186380678855,-0.9485380408268662,-0.8117122449436985,-0.028451872676348997,0.03286486351379288,30.97512489186774,6.333534410353063,4.853107239175876,0.5110972595454211,0.1773343870401843,0.13694940693664429,0.13694940693664429,0.18825931326496498,0.15705491101068106,0.15705491101068106,obj_mask.png
0.2881900820677723,-0.24808605963285207,0.30230603026278474,-0.3887893685228763,0.6474141563797485,-0.6437360163844505,0.07428242145079823,0.15875121971162168,43.449732911451925,19.521608772519354,-2.448054148628329,0.6318707448934555,0.34887386540112547,0.243956806611892,0.243956806611892,0.2992903551723133,0.20051461884588978,0.20051461884588978,bkg_mask.png
