lrc,redness,wpld,wpyv,wprg,gwld,gwyv,gwrg,gwl,gwa,gwb,hv,mean_cone_l,mean_cone_m,mean_cone_s,sd_cone_l,sd_cone_m,sd_cone_s,mask
-0.056454713702695794,-0.2635645585493264,0.5078027649369765,-0.2974956567081861,-0.08049836633178756,-0.8251055197000045,-0.11772870371568707,0.013412310950823096,29.423762915574105,-4.69199214027543,20.579450184767826,0.22737555365255935,0.16134160550263948,0.12867711033409915,0.12867711033409915,0.18230051499862765,0.1577420511740449,0.1577420511740449,obj_mask.png
0.2865731418809133,-0.22801567390663338,0.30236190705036214,-0.9801850198953974,0.7488380808393508,-0.6241581168504458,-0.15039329103867694,0.2607051799305658,44.739996875103444,20.24365844933548,18.435233191366773,0.3714486791019198,0.375703454249659,0.23645416652272674,0.23645416652272674,0.3082184923731673,0.18668434761661154,0.18668434761661154,bkg_mask.png
