lrc,redness,wpld,wpyv,wprg,gwld,gwyv,gwrg,gwl,gwa,gwb,hv,mean_cone_l,mean_cone_m,mean_cone_s,sd_cone_l,sd_cone_m,sd_cone_s,mask
-0.016289169545785145,-0.28644687583755285,0.44590107910335197,0.579116469089811,-0.8173277122652776,-0.8312121521306959,-0.03382418634214996,-0.03156438832991801,28.802984014614935,-8.25066640047564,5.929930179618194,0.581882326235834,0.15161694709477336,0.13364335168521171,0.13364335168521171,0.1741256971631774,0.1635285105989903,0.1635285105989903,obj_mask.png
0.3296006988064248,-0.2569687245792444,0.2894920249572273,-0.3879713590049415,0.5268520996052954,-0.6479621575054844,0.0701439389885595,0.1290433934414096,43.08205199304356,14.50184836438278,-1.7974047657659622,0.732448862684104,0.34139121017180807,0.24603180315754083,0.24603180315754083,0.29982465693111787,0.2022531542108555,0.2022531542108555,bkg_mask.png
