lrc,redness,wpld,wpyv,wprg,gwld,gwyv,gwrg,gwl,gwa,gwb,hv,mean_cone_l,mean_cone_m,mean_cone_s,sd_cone_l,sd_cone_m,sd_cone_s,mask
-0.4483026023772353,-0.1910331984894207,0.5479420189366372,-0.19899263170445075,0.2585307972985751,-0.7823924960383609,-0.13188598609051055,0.20225881997262354,33.654075038071774,27.240454218023768,20.290186221782434,0.09566177869404757,0.2229425267639339,0.12683701476744796,0.12683701476744796,0.22498782479351642,0.1427721116958583,0.1427721116958583,obj_mask.png
0.17089596707381402,-0.20615450943405764,0.27047850494662795,-0.9649394344117161,0.7799251294217677,-0.6135170048067455,-0.14970883389188513,0.349101465997784,45.53347390142988,32.068074621489146,17.449231364031828,0.26952279999964057,0.3960104273116647,0.22860050926530948,0.22860050926530948,0.30722324466911194,0.18208302793749515,0.18208302793749515,bkg_mask.png
