lrc,redness,wpld,wpyv,wprg,gwld,gwyv,gwrg,gwl,gwa,gwb,hv,mean_cone_l,mean_cone_m,mean_cone_s,sd_cone_l,sd_cone_m,sd_cone_s,mask
0.14409319361356657,-0.3102487458402959,0.4849167514711467,-0.11808137605617453,-0.3258075915062567,-0.8449799082278672,-0.07238901598963249,-0.0655395118972528,27.15347355881282,-21.995032156195506,12.115319027995932,0.263919802831704,0.1343086735030491,0.12861086845582675,0.12861086845582675,0.164971288387137,0.16677793935073973,0.16677793935073973,obj_mask.png
0.3582657576831507,-0.24086686845665367,0.3475033296227933,-0.7663064048820617,-1.3074752962888847,-0.6345897203558467,-0.12423614629770839,0.22211377917841293,43.89983931384674,14.730120865416492,14.778228162375386,0.4987881211291513,0.3618868460308168,0.23594671081649202,0.23594671081649202,0.31124543796310994,0.18779344971440476,0.18779344971440476,bkg_mask.png
