lrc,redness,wpld,wpyv,wprg,gwld,gwyv,gwrg,gwl,gwa,gwb,hv,mean_cone_l,mean_cone_m,mean_cone_s,sd_cone_l,sd_cone_m,sd_cone_s,mask
-0.5016003464036907,-0.17423910751838834,0.5566186664829098,-0.5969149782216677,0.4196592408554285,-0.7338699461448709,-0.22450490884170307,0.30224693199614344,37.25895436591704,33.60511955340738,34.56815983440353,0.037599351582135565,0.278220891884042,0.14407980099661136,0.14407980099661136,0.27304763385354697,0.1590947917898642,0.1590947917898642,obj_mask.png
0.11722339403406289,-0.22157462439149003,0.2631041971471121,-0.564994527994833,0.7664083054967017,-0.6273740009043217,-0.017137193534260048,0.2681082656246684,44.63582491931294,28.79866794977675,8.600819909626352,0.44122965220967614,0.3755831544206666,0.23503613217375985,0.23503613217375985,0.3024859178878832,0.1934367094902322,0.1934367094902322,bkg_mask.png
