lrc,redness,wpld,wpyv,wprg,gwld,gwyv,gwrg,gwl,gwa,gwb,hv,mean_cone_l,mean_cone_m,mean_cone_s,sd_cone_l,sd_cone_m,sd_cone_s,mask
-0.3380717896878637,-0.22294795504192666,0.5310115546234424,-0.4207907247427388,0.11449787068322803,-0.8073600415963165,-0.1509647482933621,0.10341904216947473,31.317519603987375,10.988950564064655,26.86714400070763,0.11645939231753744,0.187897379095792,0.12534000946591176,0.12534000946591176,0.2002707844783369,0.14607774710785604,0.14607774710785604,obj_mask.png
0.21357163769263188,-0.21579338457551464,0.294848472595515,-1.0121683870139173,0.7580221672383738,-0.6187349166334739,-0.16703587598446723,0.3054199617696158,45.09699629000465,25.895474767919357,20.869535084033227,0.28986378639342314,0.38576153361311716,0.23221028326697796,0.23221028326697796,0.3083608682460491,0.18525787006327804,0.18525787006327804,bkg_mask.png
