lrc,redness,wpld,wpyv,wprg,gwld,gwyv,gwrg,gwl,gwa,gwb,hv,mean_cone_l,mean_cone_m,mean_cone_s,sd_cone_l,sd_cone_m,sd_cone_s,mask
0.20119401567758574,-0.23659991299079913,0.3100144681605405,-0.5162733792414747,0.7169530841162383,-0.6333890057650877,0.028467765964781597,0.2022013450420207,44.256517868851404,23.01004216467614,3.024287819972587,0.539397263834281,0.36289695806195904,0.2431726696695455,0.18306779084537325,0.29969831586306983,0.1982385445511646,0.21471864206356117,bkg_mask.png
-0.4150586163327374,-0.2168098064261904,0.5184341122373048,-1.1080555714777918,0.42964127539514685,-0.7963673916677511,-0.10886472113844477,0.12144491365627887,32.68165565486311,16.864019163588257,18.058438844156008,0.17152757319507983,0.20080621082674907,0.13120330825733756,0.04911830037344705,0.20309865865824928,0.14701468300773454,0.07046595739884642,obj_mask.png
