lrc,redness,wpld,wpyv,wprg,gwld,gwyv,gwrg,gwl,gwa,gwb,hv,mean_cone_l,mean_cone_m,mean_cone_s,sd_cone_l,sd_cone_m,sd_cone_s,mask
0.11228423144746225,-0.22285545247734834,0.26590434423576326,-0.6069917995173133,0.7658018868875791,-0.6310172070455397,-0.0067509032537528164,0.2580659001985718,44.456114597325815,28.380174573137484,7.360260585127325,0.44662683220230714,0.37118322062189835,0.23426047071532127,0.16954779350659946,0.2997789310906347,0.1933866597278956,0.21083265021022146,bkg_mask.png
-0.46994565716730147,-0.18062975790342908,0.5437929621609117,-0.4870676646488707,0.3247862838195846,-0.7230115893949794,-0.21792837072296153,0.29696892680470255,38.34162918417449,32.46023564452872,32.057683705976984,0.049709971523930196,0.28771948971011524,0.1534195100950235,0.03790526483139549,0.26844245437265196,0.1597481650895037,0.05642905344721084,obj_mask.png
