lrc,redness,wpld,wpyv,wprg,gwld,gwyv,gwrg,gwl,gwa,gwb,hv,mean_cone_l,mean_cone_m,mean_cone_s,sd_cone_l,sd_cone_m,sd_cone_s,mask
0.19489894950087455,-0.21188902347657623,0.28220607269998504,-0.9527591472233764,0.7675613240766519,-0.6197766397886117,-0.14280103290029078,0.320292920741924,45.036049274405066,29.170520324256902,16.76425786563421,0.296100891359534,0.3869200862678186,0.2291607504179405,0.11762830686734366,0.30793423636517053,0.184082576946332,0.14601760897370183,bkg_mask.png
-0.388721349661507,-0.2094900795923948,0.5294256178647193,-0.17620515947195653,0.11899414911695308,-0.7907871655514171,-0.1197334482949843,0.14580414493054447,32.43882755020047,19.549430517513926,17.96016998882736,0.1493647877499733,0.2086835270531466,0.13085906768249914,0.047227079402732595,0.2256190516316785,0.15382763104975467,0.06219907331419197,obj_mask.png
