lrc,redness,wpld,wpyv,wprg,gwld,gwyv,gwrg,gwl,gwa,gwb,hv,mean_cone_l,mean_cone_m,mean_cone_s,sd_cone_l,sd_cone_m,sd_cone_s,mask
0.3648347977797088,-0.27088136071652946,0.27098732290175,-0.4742131908273092,0.3616263516850645,-0.6532376604383975,0.04000964678885871,0.08622033520626002,42.745278210295,4.115209599453229,2.713513984848534,0.8120570724280272,0.33100126940725694,0.2492149949063987,0.17822760465780457,0.29761341687675935,0.20217287865189193,0.2181651591642279,bkg_mask.png
0.10364177965475009,-0.33425683232555475,0.4502685373548672,0.48966551608738873,-0.8562383841279924,-0.8237413886532161,-0.107082133713874,-0.12760288557936575,28.803060297986825,-39.006977700310706,17.69556444581989,0.09991107249546272,0.14605485559407988,0.15538101309398653,0.03609815943129094,0.18384460677569217,0.20384263322899598,0.056975772331357345,obj_mask.png
