lrc,redness,wpld,wpyv,wprg,gwld,gwyv,gwrg,gwl,gwa,gwb,hv,mean_cone_l,mean_cone_m,mean_cone_s,sd_cone_l,sd_cone_m,sd_cone_s,mask
0.15131315432572134,-0.2063253415831253,0.27094983368324754,-0.957541370547616,0.7790673626427776,-0.6174119981527939,-0.15921695987918652,0.3433723937682259,45.264858715182626,31.182899476823533,19.256346275610213,0.2615528772926278,0.3915944774819411,0.2265002534632795,0.1118983111331007,0.30693125523622294,0.18209198001599589,0.14476337427096952,bkg_mask.png
-0.4840920223921111,-0.19272916809424243,0.5486131235531877,-0.37198866999635277,0.251209870358012,-0.7858919252811917,-0.1508025469927589,0.19124000237815758,33.12115581992679,24.842125637533172,24.193236483792298,0.0810954616794658,0.2181259885028567,0.12582642445147174,0.036584799590756056,0.22650437926524639,0.14585215374522903,0.050485214329772043,obj_mask.png
