lrc,redness,wpld,wpyv,wprg,gwld,gwyv,gwrg,gwl,gwa,gwb,hv,mean_cone_l,mean_cone_m,mean_cone_s,sd_cone_l,sd_cone_m,sd_cone_s,mask
0.2517359439508182,-0.24654263866680654,0.4639695375701922,-1.3108865832051775,-0.13275024759519816,-0.6411049442662771,0.019489122700711077,0.16172021765714167,43.68793387223386,16.960487178726897,4.8505088769215154,0.6116105374918023,0.35084408071780315,0.24445025035744186,0.1755244390581629,0.29741637691500783,0.19918491873431987,0.21586636704872178,bkg_mask.png
-0.24327828026045234,-0.25226403654775464,0.51751450765811,-1.0155393201800278,0.5120028011853949,-0.8026503795359403,-0.13471077988207114,0.03277479832261663,31.659252003237725,-0.4137413828150215,23.109874942735814,0.19909040336708672,0.18411862953247998,0.14197818699001202,0.03491734063921844,0.2019201165869982,0.1716477647599952,0.05512716876175799,obj_mask.png
