lrc,redness,wpld,wpyv,wprg,gwld,gwyv,gwrg,gwl,gwa,gwb,hv,mean_cone_l,mean_cone_m,mean_cone_s,sd_cone_l,sd_cone_m,sd_cone_s,mask
0.23449660229942404,-0.2181458609448309,0.28594887726187546,-0.9799602910176568,0.7652393719095494,-0.6167314971872692,-0.1636909430064437,0.2991428205467018,45.261968417218796,25.041100222518622,20.04973413064283,0.308743410880859,0.38691741403128854,0.23492948905797573,0.1101374784606357,0.3083274637399225,0.18534996195004924,0.1455623398887824,bkg_mask.png
-0.3246411677475915,-0.23042456385436327,0.531334330844079,-0.3646715121252805,0.06418488252377451,-0.8116637193255005,-0.13930632264816037,0.0832345905955225,30.811053046536692,8.160189863018939,24.3595223581881,0.14942639185176088,0.18170502252271378,0.12591623910130884,0.029009731721934367,0.19398673134145258,0.14597396759249712,0.042175152109282195,obj_mask.png
