lrc,redness,wpld,wpyv,wprg,gwld,gwyv,gwrg,gwl,gwa,gwb,hv,mean_cone_l,mean_cone_m,mean_cone_s,sd_cone_l,sd_cone_m,sd_cone_s,mask
0.02473616535694898,-0.1901642071099892,0.2404525924583057,-1.006487248178715,0.8121212929530424,-0.6104321391984961,-0.20254985852421414,0.4206390133960911,45.8432044200356,37.61973606053845,25.61178629225375,0.19843017862866175,0.4065508480949497,0.21708665119594492,0.09718535039495914,0.30570517721115276,0.17436073077790837,0.13725505309043354,bkg_mask.png
-0.47707590574318626,-0.15420360087909074,0.535111423164225,-0.5070145674637638,0.49137249485854073,-0.677946173124578,-0.3052784199428837,0.46535051634104696,41.883505227734,45.013369405066534,44.88368302252184,0.014241871146684404,0.3479851102076864,0.15576716553482928,0.022690052952316155,0.27943063913417165,0.1435674415900996,0.03135411772808023,obj_mask.png
