lrc,redness,wpld,wpyv,wprg,gwld,gwyv,gwrg,gwl,gwa,gwb,hv,mean_cone_l,mean_cone_m,mean_cone_s,sd_cone_l,sd_cone_m,sd_cone_s,mask
0.37164512121517945,-0.2690007106414753,0.3800250124495447,-0.2558399982591596,-1.3666612040391988,-0.6469254519947595,0.0905154455051268,0.09311465300518469,43.25389115248212,9.412313921176407,-4.269673281812263,0.8918760167148772,0.33839406493289786,0.25367428594294833,0.20249731549664246,0.2977211394674329,0.20281839277947145,0.21575385193715485,bkg_mask.png
0.18283162881033774,-0.32483906864081363,0.4351704746340361,0.6097334738405441,-1.467019917181036,-0.8366578640263923,0.004552896582456858,-0.0984093324051036,28.16244641280054,-22.09597616601456,-0.12230508934223314,0.30494765668230617,0.1392383378915868,0.14225443497612403,0.07732889383954358,0.1690018979468451,0.1808564109121723,0.10101467654902169,obj_mask.png
