lrc,redness,wpld,wpyv,wprg,gwld,gwyv,gwrg,gwl,gwa,gwb,hv,mean_cone_l,mean_cone_m,mean_cone_s,sd_cone_l,sd_cone_m,sd_cone_s,mask
0.07340012307251069,-0.19307959588988935,0.2609962795521037,-1.2856720211078778,0.8061608291312047,-0.6063370979876774,-0.20659497862203555,0.4134193757411614,46.120763187291125,36.40978858634661,26.140481802301565,0.2032303884403086,0.4094170843127082,0.22143767349108198,0.09734878093726462,0.3062642825508396,0.1752600838674235,0.1383058644697853,bkg_mask.png
-0.5232512042437655,-0.15978637648343183,0.5529106138315042,-0.5714307594562852,0.47693808551618977,-0.7031729173612549,-0.2819777309521747,0.3979472662343796,39.92788421315969,40.69367183343837,43.67220277692609,0.01812560616586323,0.3170516763830847,0.14914669560431582,0.020522204751514818,0.2754653023296029,0.14970274522849145,0.0301696503575171,obj_mask.png
