lrc,redness,wpld,wpyv,wprg,gwld,gwyv,gwrg,gwl,gwa,gwb,hv,mean_cone_l,mean_cone_m,mean_cone_s,sd_cone_l,sd_cone_m,sd_cone_s,mask
0.3761031490638917,-0.27426754016233157,0.33477745373406453,-0.9660541292127626,-1.284315593256153,-0.65303654142731,0.04828770186057123,0.07717391438564505,42.82609114298756,2.887817371430587,1.1251492977644442,0.8718455142735824,0.330237907278497,0.2511496196654661,0.1817750681670059,0.29569262235487825,0.20130899969940033,0.21584469493540345,bkg_mask.png
0.06214652231656911,-0.344532751435113,0.4508149516405446,0.2607570049544264,-1.3389454039344473,-0.8038479871709195,-0.1007206848041216,-0.1631887192218932,30.76758765964044,-45.19948600770305,14.837663214623891,0.09934307309466339,0.1603030018153866,0.17707304208283098,0.04786528951719836,0.19117857640285071,0.21629418199766062,0.06643403241653462,obj_mask.png
