lrc,redness,wpld,wpyv,wprg,gwld,gwyv,gwrg,gwl,gwa,gwb,hv,mean_cone_l,mean_cone_m,mean_cone_s,sd_cone_l,sd_cone_m,sd_cone_s,mask
0.17375999991794294,-0.2309219973742051,0.28750199012706534,-0.5258378258899536,0.73996516124849,-0.6333507867937705,0.022730133253558722,0.22476096106560337,44.24174310112813,25.67839372121122,3.5631769431956553,0.5021852031422291,0.365519626396106,0.23902417517487629,0.18076107070694486,0.29972460397852635,0.196468342152909,0.2134085269087446,bkg_mask.png
-0.4324013454190272,-0.19984172526971647,0.5721658143373826,-1.0288432517570707,0.4423601511795177,-0.7697220346089633,-0.13491353458737124,0.1885664910311496,34.474963452492084,24.32059086403567,20.425751978987023,0.12221995261656549,0.23297553395806284,0.13890617914545145,0.05078399204536355,0.2403559194849307,0.15699558595155175,0.07118334315111416,obj_mask.png
