lrc,redness,wpld,wpyv,wprg,gwld,gwyv,gwrg,gwl,gwa,gwb,hv,mean_cone_l,mean_cone_m,mean_cone_s,sd_cone_l,sd_cone_m,sd_cone_s,mask
0.32714953153062665,-0.23890814237736052,0.3361914399439233,-0.9438599376204624,-1.2868888935931233,-0.6347372746435063,-0.137969063352479,0.22634957929847282,43.958306968327314,14.64505718027879,16.923605197916157,0.45828084237382793,0.36204909195538004,0.23482501063048053,0.11232036396974968,0.3094246040458386,0.18651887529371897,0.14560611866634224,bkg_mask.png
0.10396072347367213,-0.3172225941620748,0.4888128809860426,-0.21493039292269725,-0.36386049658998165,-0.8178048222277257,-0.11041224163557735,-0.09498710782862937,29.78814736073689,-30.163284322750073,17.648496851488808,0.16850667253582063,0.15535081690396074,0.15395051120610923,0.03758842169541614,0.18192872323416856,0.19098623645523924,0.050354656713931294,obj_mask.png
