lrc,redness,wpld,wpyv,wprg,gwld,gwyv,gwrg,gwl,gwa,gwb,hv,mean_cone_l,mean_cone_m,mean_cone_s,sd_cone_l,sd_cone_m,sd_cone_s,mask
0.3977497890555051,-0.28172583649582666,0.3597578767749025,-0.5739567444154609,-1.3297772325426263,-0.6523079604162529,0.0781583864310891,0.054061190649583014,42.887134438140734,0.9965305104466168,-2.836832467446342,0.949662342613519,0.3286149581612538,0.2564109443465999,0.19461786032081468,0.29495198679618445,0.20320290119509501,0.21528937388070118,bkg_mask.png
0.22480370772541716,-0.3512250428735236,0.4373854923805693,0.6073423621784244,-1.461266897897973,-0.8175852767241,-0.03713693291168637,-0.16427733627375393,29.112432986289495,-40.86505410285403,4.875089720162279,0.13306123991587449,0.14843029304995645,0.16793807632650162,0.06831126697912634,0.19388772660410647,0.2225873937561237,0.09055168139671582,obj_mask.png
