lrc,redness,wpld,wpyv,wprg,gwld,gwyv,gwrg,gwl,gwa,gwb,hv,mean_cone_l,mean_cone_m,mean_cone_s,sd_cone_l,sd_cone_m,sd_cone_s,mask
0.306069899406329,-0.26370980177875797,0.35829289332654124,-1.2286449433917996,-1.160781262074382,-0.645121534874614,0.01960982263705835,0.10160715884113745,43.35895499947277,7.081476700441868,5.044849694270725,0.7357791081575249,0.3400163102629127,0.25225354370423575,0.17345382170945295,0.2960268209616273,0.20333423826670427,0.2160149185204399,bkg_mask.png
-0.03709098473761051,-0.3080175586298325,0.4644756301186357,0.33655346371869477,-0.6742123710672152,-0.8158785611877881,-0.13078579848488084,-0.08437729934753972,30.15385562578451,-27.8302644348242,22.76887539203921,0.13844381337163902,0.1580847443291459,0.15313858733655691,0.02993177814429027,0.18243088800592455,0.18979138421465253,0.04939418116109937,obj_mask.png
