lrc,redness,wpld,wpyv,wprg,gwld,gwyv,gwrg,gwl,gwa,gwb,hv,mean_cone_l,mean_cone_m,mean_cone_s,sd_cone_l,sd_cone_m,sd_cone_s,mask
0.16771853137317025,-0.22747592914402956,0.31314681733048016,-0.9828008604352579,0.7381898090522149,-0.6333874326967681,0.043206871669577436,0.24028724387176412,44.290112059234936,28.536250362563646,0.6996586192269306,0.47856967469443223,0.36762802156186214,0.23655524314849738,0.18945017117417343,0.2986972093431741,0.19447963069215066,0.21142549234844785,bkg_mask.png
-0.4431774289439018,-0.19054381254907118,0.5574030004406766,0.2726227076843405,0.4283565459219187,-0.748333395618863,-0.09682791265992395,0.23630793906634112,35.92515535442839,31.471887952271295,13.178846397782339,0.12661815586458713,0.2589444292122597,0.14724688280101225,0.07698677887758251,0.2642457717486474,0.16573302923415267,0.09565896868779916,obj_mask.png
