lrc,redness,wpld,wpyv,wprg,gwld,gwyv,gwrg,gwl,gwa,gwb,hv,mean_cone_l,mean_cone_m,mean_cone_s,sd_cone_l,sd_cone_m,sd_cone_s,mask
0.2459809853608502,-0.21989196326934857,0.28736286347173423,-0.9577660994253566,0.7626660715725792,-0.6272992809518976,-0.13996421307227946,0.2865723497445095,44.449631759414785,24.905269929690665,16.855577183878932,0.3346484497597346,0.37602139478642316,0.2295741849863677,0.1151888845966846,0.30895691891695787,0.18581038356866283,0.14665469437823542,bkg_mask.png
-0.2342529336284679,-0.23934691148947201,0.5166858888171533,-0.1997477243307007,0.023159703032731696,-0.8151259791341697,-0.10782592433720929,0.061877583803712,30.278280394300594,6.501217082753354,17.653826604861095,0.23542890106703696,0.1764441031098471,0.12769740914707214,0.040593696307954376,0.2013234408452328,0.15849806738321748,0.05748287699909981,obj_mask.png
