lrc,redness,wpld,wpyv,wprg,gwld,gwyv,gwrg,gwl,gwa,gwb,hv,mean_cone_l,mean_cone_m,mean_cone_s,sd_cone_l,sd_cone_m,sd_cone_s,mask
0.2696062301726709,-0.24219915806349407,0.32224118998158346,-0.41030937348195434,0.6991913299273146,-0.6362113665213563,0.06876763093290532,0.1826358166352676,44.039889963172406,22.431483630727893,-1.965890527554779,0.5826118928500639,0.3585696563063682,0.24527427035031252,0.1986776724597561,0.29933619771715114,0.19944896068100507,0.21473719729043944,bkg_mask.png
-0.24418049783343795,-0.23405640427375302,0.4934414189157445,-0.3015857042978609,0.5223119175404777,-0.8032262765954322,-0.03417743710873553,0.08044072158523975,31.904262161658988,14.40426320382296,5.902030734781763,0.334980183288191,0.1907210744183292,0.13471516362493519,0.07727176613525118,0.19929141491189822,0.15289805290321692,0.09715675790829419,obj_mask.png
