lrc,redness,wpld,wpyv,wprg,gwld,gwyv,gwrg,gwl,gwa,gwb,hv,mean_cone_l,mean_cone_m,mean_cone_s,sd_cone_l,sd_cone_m,sd_cone_s,mask
0.1647967051884842,-0.20310573837749415,0.2596935946665099,-0.9623235938718555,0.7905734012089036,-0.607043690327075,-0.15009648686252713,0.3700210787394288,46.062572921710256,34.06096871757802,16.988238347071437,0.26174271604318355,0.4044600964989401,0.22974410155204336,0.12067369847953976,0.30641590478117414,0.17951614718906567,0.1436948705432502,bkg_mask.png
-0.40521804586512045,-0.18343994988133178,0.5563538140801946,-0.10864276319106592,0.36304663344208443,-0.7583067929092616,-0.13149738394393173,0.2569366948853127,35.97370334637793,32.94374162308281,19.153423344949086,0.0838023260295101,0.25166557075217433,0.13530853304832025,0.057816887065589496,0.2379416465502712,0.1424743021130703,0.07338083968567156,obj_mask.png
