lrc,redness,wpld,wpyv,wprg,gwld,gwyv,gwrg,gwl,gwa,gwb,hv,mean_cone_l,mean_cone_m,mean_cone_s,sd_cone_l,sd_cone_m,sd_cone_s,mask
0.28927385913958154,-0.2328866184377078,0.39354510040758217,-1.1955379318845765,-1.0879588931224122,-0.6332404763692507,-0.15193348587715974,0.2415831515032586,43.99169649733483,16.887498922404294,19.47694073689586,0.39334796815672424,0.3650290258736435,0.23296461200028415,0.10718831947798645,0.3097547486639157,0.18753135620545516,0.14622968869687453,bkg_mask.png
-0.0683952199127727,-0.2898393545839415,0.49764728078350556,-0.3780563496953514,-0.19162498853735,-0.8166084290759091,-0.1386934084718665,-0.049282433731920705,29.237709590112047,-18.82548964260533,23.369794015078398,0.17064595372945168,0.16145091638410874,0.1461019612515089,0.026406483968265098,0.19843214902072534,0.19534546353985044,0.03955656571415,obj_mask.png
