lrc,redness,wpld,wpyv,wprg,gwld,gwyv,gwrg,gwl,gwa,gwb,hv,mean_cone_l,mean_cone_m,mean_cone_s,sd_cone_l,sd_cone_m,sd_cone_s,mask
0.3812638508301788,-0.27518430532731036,0.4351704746340361,0.6097334738405441,-1.467019917181036,-0.654637832463909,0.07863006758076939,0.07468205335585962,42.651781889427696,4.917330921441991,-2.901654437551502,0.9664340152709145,0.32891320859511297,0.2509196253789329,0.1938234099462191,0.2967965765621274,0.2030876714583489,0.21577983636054265,bkg_mask.png
0.20166870034319226,-0.34490026256889755,0.44181552787363565,0.6025601388541848,-1.4497608593318474,-0.8130684696150416,-0.030147748313324084,-0.15554022900406833,29.747413490950688,-37.00395890611494,3.8988093770578662,0.1575880116472479,0.15373945239646294,0.16992367753552748,0.07339439867803146,0.19199597713730623,0.21808338374195055,0.09374209036118623,obj_mask.png
