lrc,redness,wpld,wpyv,wprg,gwld,gwyv,gwrg,gwl,gwa,gwb,hv,mean_cone_l,mean_cone_m,mean_cone_s,sd_cone_l,sd_cone_m,sd_cone_s,mask
0.4022743519194072,-0.2823180784092653,0.3574012330918046,-0.610947063735961,-1.325488398647676,-0.6521510544489012,0.07592378411729724,0.0528847628473052,42.8196597296857,0.4409776318766501,-2.499983807337173,0.9473202134266266,0.3285874159047219,0.25670325325544036,0.19374282675300042,0.2967645490416986,0.20547832959456244,0.2165587617409362,bkg_mask.png
0.12627342186672197,-0.3538299397484037,0.43960051012710244,0.6049512505163046,-1.4555138786149102,-0.8190761999373833,-0.041790500704856536,-0.16778719173038037,29.29486540272197,-43.27720140311776,5.788019246070773,0.12475732956018493,0.14656895831255987,0.16735402622229748,0.06564065252926823,0.18765263598408508,0.21594801853573997,0.08639547471439292,obj_mask.png
