lrc,redness,wpld,wpyv,wprg,gwld,gwyv,gwrg,gwl,gwa,gwb,hv,mean_cone_l,mean_cone_m,mean_cone_s,sd_cone_l,sd_cone_m,sd_cone_s,mask
0.194565534236252,-0.20933947632574956,0.28079208649012627,-0.9749533388156766,0.7701346244136221,-0.6140189776340873,-0.1550973473147913,0.3356806464373604,45.50689022305999,30.24276830034381,18.202395674740956,0.2780472729704374,0.39387739628790047,0.2305470561243097,0.11517877151383445,0.30695096359564134,0.1826722077908101,0.14422849065529786,bkg_mask.png
-0.3978205189083618,-0.20101034941239174,0.5375311082411031,-0.2719305319497756,0.16294769938422107,-0.7820704966080291,-0.14085210425542607,0.178262194940027,33.670586103071045,22.930288725608193,21.74244301123514,0.1020221003597348,0.2202646338888736,0.13125810254664833,0.042501751514327786,0.22408914469843652,0.14636758693980728,0.05525967111312091,obj_mask.png
