lrc,redness,wpld,wpyv,wprg,gwld,gwyv,gwrg,gwl,gwa,gwb,hv,mean_cone_l,mean_cone_m,mean_cone_s,sd_cone_l,sd_cone_m,sd_cone_s,mask
0.16417444579832882,-0.21131776394071589,0.2934344863856563,-1.0343625786062174,0.760595467575344,-0.6151780570581655,-0.1806233126602386,0.3228776753215737,45.37034366271237,27.602204249752404,23.018990477515004,0.2559727765134805,0.39091274175607743,0.2315236327366406,0.10381579612421218,0.3077048417073189,0.18447403142391752,0.14451742989988017,bkg_mask.png
-0.4256452218996672,-0.20885524244198697,0.5376635344424606,-0.5160666394650767,0.19125400309089313,-0.7952664995146681,-0.1776929804626798,0.14276490213679038,32.50653850266824,16.114363538594276,32.03603281115766,0.06430716550782078,0.2033295169532752,0.1269666804849723,0.020679766679484318,0.21339833947263626,0.14866004538626662,0.03246204870965037,obj_mask.png
