lrc,redness,wpld,wpyv,wprg,gwld,gwyv,gwrg,gwl,gwa,gwb,hv,mean_cone_l,mean_cone_m,mean_cone_s,sd_cone_l,sd_cone_m,sd_cone_s,mask
0.22275789689962025,-0.21775797245457593,0.48939334500319137,-1.43657276290185,0.06799900870288043,-0.6254079945117418,-0.16953428683507643,0.2930937903046464,44.66706300880757,24.379008598805765,22.051321955038723,0.2838752747652954,0.3781026255034829,0.229310771236559,0.10361824308303756,0.30624222433635145,0.18379009308784247,0.1446564567341377,bkg_mask.png
-0.2676468670077499,-0.23118504583138222,0.5214528988285303,-0.649986881645127,-0.028677289153129094,-0.8009011250821847,-0.1706613372294811,0.08413125832531865,31.801438646070064,6.720077855840762,30.791107707632783,0.09608254537655936,0.1912852041856836,0.1333933068261916,0.020780266002652616,0.20914993410869678,0.16384601509526026,0.03217604312932948,obj_mask.png
