lrc,redness,wpld,wpyv,wprg,gwld,gwyv,gwrg,gwl,gwa,gwb,hv,mean_cone_l,mean_cone_m,mean_cone_s,sd_cone_l,sd_cone_m,sd_cone_s,mask
0.31006213261299564,-0.23264862406232528,0.38002262028036404,-1.0662560901440528,-1.026287492297313,-0.6255778004921599,-0.1484351482294281,0.2474633664868572,44.646894872688,17.855454762332737,18.167780157524444,0.4025304016566884,0.3728529601720128,0.2378000616444362,0.11224675706004734,0.308694901460608,0.18638158834326254,0.14631085985142944,bkg_mask.png
-0.00019666583818081986,-0.2836443816392862,0.5086759185892461,-0.27926567892219045,-0.19212768487708512,-0.8283060227463387,-0.11340458644671411,-0.02668353220953484,28.724893817750193,-13.46304272420275,19.453685337656616,0.22407686398912174,0.1537007511178017,0.13356030543046987,0.03174280226554916,0.1819943943019384,0.1710269871764227,0.04559373323985578,obj_mask.png
