lrc,redness,wpld,wpyv,wprg,gwld,gwyv,gwrg,gwl,gwa,gwb,hv,mean_cone_l,mean_cone_m,mean_cone_s,sd_cone_l,sd_cone_m,sd_cone_s,mask
0.2530718381736569,-0.21793716206324937,0.2896174055657742,-0.982800860435258,0.7381898090522151,-0.6195782845362701,-0.13925838036988175,0.29916642584978265,45.0868527067716,26.434883172654892,16.31471038506228,0.32708054171317147,0.3846531407175727,0.23319148919167723,0.11912484869147792,0.3075114174242208,0.18471585707484714,0.14669502063564832,bkg_mask.png
-0.2635256914147371,-0.22739929067975165,0.5197345358684494,-0.1612652088590435,-0.05248731442607593,-0.8121480932611493,-0.10218005862020962,0.0907223256597215,30.750613433873365,12.1353580510986,16.416703085004254,0.21523189034801005,0.18269420913105974,0.12485450804926844,0.04448156467743436,0.20229770347983805,0.15113982748082003,0.061706966632999107,obj_mask.png
