lrc,redness,wpld,wpyv,wprg,gwld,gwyv,gwrg,gwl,gwa,gwb,hv,mean_cone_l,mean_cone_m,mean_cone_s,sd_cone_l,sd_cone_m,sd_cone_s,mask
0.3115287421284374,-0.25639313717900447,0.40642860953410925,-1.1997897914603066,-0.8574830513606417,-0.6416125675308464,0.028656436223559685,0.1293951582070209,43.66294814713621,12.112562521922243,3.6301487835203288,0.6955165670541252,0.3466819669076515,0.250066449199381,0.17901859638890436,0.2972613849389958,0.20108269278316251,0.21656781349805002,bkg_mask.png
-0.09264407307205995,-0.2813597067322293,0.4687805111286,0.16243378103808964,-0.7635397533587711,-0.821693042207113,-0.10683384286661671,-0.029131510865734244,29.58260343297849,-12.238425010424946,18.418623172265594,0.25953683399925,0.1596143681128366,0.13915552908146359,0.03757468557534585,0.18336590327217073,0.17455904036631018,0.05824694250605107,obj_mask.png
