lrc,redness,wpld,wpyv,wprg,gwld,gwyv,gwrg,gwl,gwa,gwb,hv,mean_cone_l,mean_cone_m,mean_cone_s,sd_cone_l,sd_cone_m,sd_cone_s,mask
0.3928800762139238,-0.27104676529878535,0.3852096285523601,-0.1744612957540591,-1.3760966386080895,-0.6514391117240695,0.10182937175027364,0.08902712931999485,42.84568158667633,9.214514763124981,-5.440381029134295,0.8977144575236585,0.3339094755315869,0.25117640783975653,0.20515815225595513,0.2994662308380204,0.20404992268069647,0.21771823297259726,bkg_mask.png
0.23305823390762023,-0.33206348870290375,0.4351704746340361,0.6097334738405441,-1.467019917181036,-0.8370759411425842,0.024658655041559733,-0.1093101435072785,28.145885312545516,-23.553817880655522,-2.827026502121417,0.24235564229620976,0.13785861378746483,0.14426274449966991,0.08557144716658914,0.16430617342334328,0.1782926628172753,0.10838712810983396,obj_mask.png
