lrc,redness,wpld,wpyv,wprg,gwld,gwyv,gwrg,gwl,gwa,gwb,hv,mean_cone_l,mean_cone_m,mean_cone_s,sd_cone_l,sd_cone_m,sd_cone_s,mask
0.21047563521921636,-0.24034685943964634,0.3100144681605405,-0.5162733792414747,0.7169530841162383,-0.6430804539889864,0.03150116042063879,0.18273741726501494,43.509393220389235,20.822855055011747,3.1893256995955164,0.5684259884405725,0.3516872973514315,0.2393623159750217,0.17976541363984286,0.29830186567346106,0.19868461164606524,0.21625131261397054,bkg_mask.png
-0.40840038280796687,-0.22741147618997565,0.5014802498912292,-1.111795056406356,0.3369865482570181,-0.804145987683572,-0.11617102604059033,0.08940958134795099,31.534324706125656,11.166305662135748,19.616652170504427,0.18803733368657904,0.1897206741621002,0.13093707848837763,0.04228756775743124,0.20670778812338547,0.1562244308427216,0.06465887514549978,obj_mask.png
