lrc,redness,wpld,wpyv,wprg,gwld,gwyv,gwrg,gwl,gwa,gwb,hv,mean_cone_l,mean_cone_m,mean_cone_s,sd_cone_l,sd_cone_m,sd_cone_s,mask
0.3721490384344739,-0.27281019394558226,0.3404333985734995,-0.8772773628435621,-1.2946087946040337,-0.6506234430115425,0.05443394341189169,0.08076524135873185,43.01331557432153,4.310631136801342,0.22359553530565845,0.8835750561025689,0.33298250993014394,0.25244777395152806,0.18550393728653644,0.2962211028450627,0.2021274622708287,0.21597505986414284,bkg_mask.png
0.12038180701647096,-0.34025011945595157,0.44699787082066245,0.3123187231253858,-1.3613510624575762,-0.8108099225110975,-0.08126898628288431,-0.1486935285957165,30.222490816049806,-40.42509772804901,12.05214077693299,0.12582160742079973,0.15587936474064035,0.16949814266236982,0.052902553850233305,0.18701814207131504,0.20989406705773023,0.07273455106383217,obj_mask.png
