lrc,redness,wpld,wpyv,wprg,gwld,gwyv,gwrg,gwl,gwa,gwb,hv,mean_cone_l,mean_cone_m,mean_cone_s,sd_cone_l,sd_cone_m,sd_cone_s,mask
0.2543762275900596,-0.2224840177493192,0.4433914437047465,-1.3553558723828054,-0.3137708679765052,-0.6220491384323024,-0.1712094796195949,0.27987723588184543,44.91306473983747,22.01167080014017,22.028450909139504,0.3158346112118229,0.37961378984397914,0.2342266701623806,0.1044142272500133,0.3071371050045972,0.1852464950918428,0.14496263150948724,bkg_mask.png
-0.18008675016045678,-0.25051422803990403,0.5187201014184522,-0.5442476047633475,-0.06284033441225134,-0.8077749764446231,-0.16117969182430236,0.04004570526931429,31.304650915447585,-1.6594435919084625,29.40288195416743,0.1243533940248358,0.17985616109766395,0.13629147663982547,0.021401385609973154,0.19258215552779795,0.161752744435032,0.03252436665232773,obj_mask.png
