lrc,redness,wpld,wpyv,wprg,gwld,gwyv,gwrg,gwl,gwa,gwb,hv,mean_cone_l,mean_cone_m,mean_cone_s,sd_cone_l,sd_cone_m,sd_cone_s,mask
0.015407641671132247,-0.21130377504306985,0.28225479678269894,-0.6918852580732369,0.6989838853885397,-0.6270067294380075,-0.020180101325524506,0.3078320785841502,44.63789647683835,33.259334609525965,9.242211682208074,0.3987481807115204,0.38058273315716046,0.22808524363535526,0.16595609385793952,0.30420558283183136,0.19251681821290462,0.21112518795699758,bkg_mask.png
-0.46747590674083433,-0.1513397795959943,0.5633911473614001,-0.06313073561776211,0.4399064881191371,-0.7108626057685088,-0.2510247938412903,0.42687207177500924,39.521970533477585,45.013682532814805,38.12357664824344,0.02272709216835722,0.31383552625355904,0.13861513767269254,0.03013601458748144,0.2668992167454855,0.13709161771178144,0.05040295882566862,obj_mask.png
