lrc,redness,wpld,wpyv,wprg,gwld,gwyv,gwrg,gwl,gwa,gwb,hv,mean_cone_l,mean_cone_m,mean_cone_s,sd_cone_l,sd_cone_m,sd_cone_s,mask
0.3143309032455254,-0.2345214544665994,0.3649980245264584,-0.7586027061471932,-1.1057645509424288,-0.629244756707117,-0.1282847159578077,0.24014274796948348,44.30545431582109,18.00729430096245,15.116422553724322,0.44775512528289285,0.3688980156701293,0.2366881503893198,0.11901523068822334,0.3103465633006819,0.18839608668767904,0.1475309596873207,bkg_mask.png
0.05405988764655676,-0.2944107089153215,0.49751485458214795,-0.13392024218005033,-0.2199312922440222,-0.8295102177911662,-0.07962739655054703,-0.04254300696629971,28.94964759801363,-15.518803673333498,12.825541499356111,0.33411525397071284,0.15121010341029467,0.13610876712381167,0.04536761228123988,0.17606107997273612,0.16836530089607682,0.06190237697697758,obj_mask.png
