lrc,redness,wpld,wpyv,wprg,gwld,gwyv,gwrg,gwl,gwa,gwb,hv,mean_cone_l,mean_cone_m,mean_cone_s,sd_cone_l,sd_cone_m,sd_cone_s,mask
0.25548608285254254,-0.25006666482894163,0.42999230905707087,-1.3149317030045098,-0.4279734868587728,-0.6496851120367763,0.022120000412181186,0.14578759456804674,42.97261862502916,14.834498695975256,5.032438269672314,0.6402419299241535,0.34107290505011767,0.24084108395317008,0.17258321122797107,0.2978257566328585,0.20062177790816932,0.21663896391562568,bkg_mask.png
-0.298861198961581,-0.265826821253689,0.4910576401792543,-1.0757036525968184,0.2670925500812734,-0.7995439386806381,-0.14733647728358143,-0.005830343634398315,31.131322193814533,-7.922874566447417,24.35772561097584,0.19380334382951891,0.18222723890327477,0.15109392369777552,0.030867288322463382,0.20921231585313657,0.19074014803842224,0.05162341504533225,obj_mask.png
