lrc,redness,wpld,wpyv,wprg,gwld,gwyv,gwrg,gwl,gwa,gwb,hv,mean_cone_l,mean_cone_m,mean_cone_s,sd_cone_l,sd_cone_m,sd_cone_s,mask
0.296856484056004,-0.234267824920656,0.35405093469696497,-1.2952275181687,-1.1530613610634715,-0.6328748923616687,-0.1633038446243988,0.23782736079684227,44.06854959564235,15.36551559344599,21.810736000899063,0.37831687013976645,0.3647534210120292,0.23371945034713276,0.10254448510546166,0.3088610755570537,0.18636922392829858,0.14573082874557908,bkg_mask.png
-0.0010046082954785346,-0.2988341683972687,0.5003175009520326,-0.5684643562553137,-0.2078786537070685,-0.8174693001418498,-0.15951092571751657,-0.06469767279824781,29.383012008899577,-25.11747849896098,28.986704072896735,0.10739836109629997,0.15852187555150077,0.14786126182871492,0.01715741801136759,0.1930570708380184,0.19485261818543861,0.02800031238581501,obj_mask.png
