lrc,redness,wpld,wpyv,wprg,gwld,gwyv,gwrg,gwl,gwa,gwb,hv,mean_cone_l,mean_cone_m,mean_cone_s,sd_cone_l,sd_cone_m,sd_cone_s,mask
0.021420083818060844,-0.21471229011482199,0.26805463059834894,-0.6268757854405215,0.576454946886239,-0.6298500644229649,-0.007483665072712958,0.29009061718936885,44.44669107453776,31.957403660919653,7.75942740813896,0.41667783231678357,0.3760435857275706,0.22935071137679672,0.16991731403551114,0.30275927768711214,0.19366502977308,0.21295388721514819,bkg_mask.png
-0.5308812582822441,-0.15542739040121845,0.5591770140628901,-0.043327655687581845,0.4430862070652297,-0.7390449031827645,-0.2149579879963937,0.3629742339583626,36.855143748634866,41.07714779427427,33.176891522707535,0.030610197904159087,0.28077715266420256,0.12933745332474633,0.03199749919861507,0.26339230107567985,0.1389890545304607,0.05299083302829263,obj_mask.png
