lrc,redness,wpld,wpyv,wprg,gwld,gwyv,gwrg,gwl,gwa,gwb,hv,mean_cone_l,mean_cone_m,mean_cone_s,sd_cone_l,sd_cone_m,sd_cone_s,mask
0.38404406193737,-0.27101645403252733,0.3658851503509571,-0.4777819141821604,-1.3409282006694971,-0.6522471207289419,0.08158790332989956,0.08826355220240159,42.7585834948367,7.581109422100957,-3.1342753715080898,0.9204609277326583,0.3327733344902135,0.25033923583313344,0.19623929894528858,0.2992220270305793,0.20350866154283428,0.21705741844487525,bkg_mask.png
0.14785561842890393,-0.3303278796865119,0.44181552787363565,0.6025601388541848,-1.4497608593318474,-0.8385926818982018,-0.015343449813983452,-0.10792663511961798,27.625139144499858,-26.517466043320177,2.6745935627388517,0.2502616339449608,0.13602990202866846,0.14214671217073696,0.06799514560482,0.17139757813036594,0.18727754607474495,0.09241662780226316,obj_mask.png
