lrc,redness,wpld,wpyv,wprg,gwld,gwyv,gwrg,gwl,gwa,gwb,hv,mean_cone_l,mean_cone_m,mean_cone_s,sd_cone_l,sd_cone_m,sd_cone_s,mask
0.13354470090921258,-0.20424984527204879,0.26953584747338877,-0.9797355621399162,0.7816406629797478,-0.6180667991080357,-0.15516142973015928,0.35179281460710743,45.24530070300928,32.42521457390099,18.471814588083614,0.26015919103306595,0.39204730756987727,0.22455243308592002,0.11334147112666675,0.30561775662401275,0.1806090533231374,0.1438228520445804,bkg_mask.png
-0.49340502456290847,-0.18518378933348886,0.5636490731846968,-0.46330037091238585,0.4370220209740046,-0.7685874343371507,-0.15521714453395297,0.23336447216756098,34.492126717060586,29.362912121913944,23.318292372706686,0.07016219437601057,0.2390292452828054,0.13131616657341388,0.042935465265784276,0.24652584687311474,0.15017579867415762,0.056929883494424204,obj_mask.png
