lrc,redness,wpld,wpyv,wprg,gwld,gwyv,gwrg,gwl,gwa,gwb,hv,mean_cone_l,mean_cone_m,mean_cone_s,sd_cone_l,sd_cone_m,sd_cone_s,mask
0.3162027175500998,-0.25552525537165266,0.3070357890824432,-0.4447647582556219,0.5279612145541531,-0.6466917225418864,0.06049682523432015,0.13226037675044175,43.17865001428693,14.577712543401882,-0.519712423362081,0.7056262736818495,0.3428025976726775,0.24624666784414362,0.19010736291544558,0.3000265623513836,0.2028396648698352,0.2175870969717462,bkg_mask.png
-0.08266365957196893,-0.2758165550629263,0.46064469613991665,0.564320341361611,-0.8156121787072973,-0.8355234244197858,-0.04996747669277774,-0.014560202466911846,28.229170895924753,-5.101738661180647,8.536019506436421,0.49803576073278955,0.14941127280941224,0.12700115090885714,0.055210107849083874,0.17547581604382886,0.1606646472165634,0.07883107430806183,obj_mask.png
