lrc,redness,wpld,wpyv,wprg,gwld,gwyv,gwrg,gwl,gwa,gwb,hv,mean_cone_l,mean_cone_m,mean_cone_s,sd_cone_l,sd_cone_m,sd_cone_s,mask
0.011292009740509435,-0.18838037074329497,0.2399812637216861,-1.013885312042815,0.8129790597320324,-0.6052204146712058,-0.20937857012268907,0.434541418559679,46.174027394640504,38.497334352854864,26.62596585998984,0.19314184570622095,0.412909026744829,0.21842271174358055,0.09678297253271292,0.30719344496892514,0.1746093589593494,0.13827455807219544,bkg_mask.png
-0.5302381517718999,-0.148898976843971,0.5322834507445074,-0.5514029506483641,0.49651909553248114,-0.7023371606777922,-0.28583462929567255,0.44353769797494264,40.055194767300776,45.263224387490695,44.66903994178651,0.014876732535356041,0.3231667307465052,0.14147825569441994,0.01947769686124894,0.2715398499691546,0.1384998665207291,0.029339414421210807,obj_mask.png
