lrc,redness,wpld,wpyv,wprg,gwld,gwyv,gwrg,gwl,gwa,gwb,hv,mean_cone_l,mean_cone_m,mean_cone_s,sd_cone_l,sd_cone_m,sd_cone_s,mask
0.4022148836689787,-0.2785862272055394,0.37389773887349004,-0.35201482849245996,-1.355510235912328,-0.651433327885474,0.08979579920563895,0.06529910723781543,42.908848581738006,3.896470398170712,-4.160882196394765,0.9694330153951055,0.3309260103474122,0.2552536315838387,0.19998209782765475,0.29712397811049485,0.20384754925157367,0.21625538845061074,bkg_mask.png
0.17785910359677407,-0.3480860217449385,0.4351704746340361,0.6097334738405441,-1.467019917181036,-0.8301759890092294,-0.0038346083510538177,-0.14637226090415154,28.06364976525514,-34.830655773564565,0.8346550632485898,0.16476543102231456,0.1394180315326479,0.15570667552369583,0.07659404969611688,0.17953634269637464,0.20470202570766624,0.10139149429684492,obj_mask.png
