lrc,redness,wpld,wpyv,wprg,gwld,gwyv,gwrg,gwl,gwa,gwb,hv,mean_cone_l,mean_cone_m,mean_cone_s,sd_cone_l,sd_cone_m,sd_cone_s,mask
0.2625139887668203,-0.24525197920902236,0.3195943678459375,-0.437959975031716,0.6640667956198147,-0.6434174107063585,0.06296076068578023,0.16737642132460445,43.43090330973525,20.270145335221564,-1.1436542550901918,0.6095288998784696,0.35002219183813216,0.24243998388060284,0.19281709194996785,0.30026224845987054,0.2010135466874852,0.2156458224586895,bkg_mask.png
-0.2166816705435959,-0.24412607518245455,0.4631337660243722,0.35717455316681024,-0.7915947088955755,-0.8128446893412516,-0.04639584088952952,0.05309181772956189,30.895761604591137,8.927195291221226,7.8917863935720085,0.37929219810181203,0.17841910314728232,0.13211384469333753,0.06753440007375859,0.19399840406682917,0.15554414778776018,0.09025027031832195,obj_mask.png
