lrc,redness,wpld,wpyv,wprg,gwld,gwyv,gwrg,gwl,gwa,gwb,hv,mean_cone_l,mean_cone_m,mean_cone_s,sd_cone_l,sd_cone_m,sd_cone_s,mask
0.3586306799896684,-0.24754404438455407,0.3479746583594129,-0.7589083410179616,-1.3083330630678747,-0.6360561371876217,-0.12401528723182073,0.20169605379978048,43.88402726659773,10.85034166867381,14.735329586412053,0.5482431426917302,0.3581174640071634,0.23852253737700552,0.11749025957301137,0.30964953644560284,0.18726118070087502,0.14629749341292292,bkg_mask.png
0.1658629493441284,-0.3298217639518585,0.47990635907298446,-0.09461971719045831,-0.41614036647728275,-0.8289121505675802,-0.08056525411991425,-0.11207049841966417,28.568270211384807,-33.452238788856555,12.590693616488698,0.1668681129264663,0.14351259515839196,0.14910839698603431,0.04495238821949144,0.17641962894735913,0.19149994988386318,0.060849138971554785,obj_mask.png
