lrc,redness,wpld,wpyv,wprg,gwld,gwyv,gwrg,gwl,gwa,gwb,hv,mean_cone_l,mean_cone_m,mean_cone_s,sd_cone_l,sd_cone_m,sd_cone_s,mask
0.16686554494098066,-0.2323446948746754,0.28561667518058703,-0.5554300813463537,0.7433962283644502,-0.633035104985824,-0.0005167086133515623,0.2178551832134425,44.3053382579112,23.687231528992886,7.162918530371918,0.4974659208101003,0.3646490315287627,0.2400989937506925,0.17106956037862306,0.2983378028422891,0.1960420293192841,0.21386980600480832,bkg_mask.png
-0.45789082992047403,-0.20486222945872826,0.5571883597880762,-1.4826780711153482,0.1281025018704795,-0.7698996827939184,-0.17930047364071613,0.1719253860928945,34.57382082827176,19.746802530784095,29.305369031562062,0.07856585552353923,0.2301833202056492,0.1409883366643755,0.03190220898918917,0.2370119406031964,0.1584922922429693,0.05126173584064467,obj_mask.png
