lrc,redness,wpld,wpyv,wprg,gwld,gwyv,gwrg,gwl,gwa,gwb,hv,mean_cone_l,mean_cone_m,mean_cone_s,sd_cone_l,sd_cone_m,sd_cone_s,mask
0.29958848448996533,-0.22999988753254302,0.3924349196836636,-0.6391100399328893,-1.0374823640552768,-0.6292614113219667,-0.12478569123365982,0.25555213644175717,44.34934533035898,20.61359747852593,14.540775976131878,0.41962298908266027,0.3707597429897574,0.23395379884021572,0.12054970183540586,0.30951256326414556,0.18632072457713666,0.14689360713658833,bkg_mask.png
0.089043067297016,-0.28167673475388444,0.4956921168772206,-0.07884376795826753,-0.16608351469922103,-0.8263781419760909,-0.07108521067369573,-0.018403612760936598,29.406942166906255,-8.489843269003918,11.053677182935079,0.41562177710038295,0.15708808211494749,0.13428483822041448,0.0505289950925846,0.17700691596690946,0.16278495950323246,0.06618590492087138,obj_mask.png
