lrc,redness,wpld,wpyv,wprg,gwld,gwyv,gwrg,gwl,gwa,gwb,hv,mean_cone_l,mean_cone_m,mean_cone_s,sd_cone_l,sd_cone_m,sd_cone_s,mask
0.2122369910557291,-0.23652976177833906,0.3034715165099989,-0.4470749639247139,0.7198814548924634,-0.6416404919479256,0.06628696557359556,0.1994670400939681,43.64011503457132,24.897826289354445,-1.6192137843741807,0.5396761576259731,0.3555134980209224,0.238054844171899,0.1951825717961185,0.29869063597954776,0.197915785100765,0.2144184031606829,bkg_mask.png
-0.3588752229515742,-0.21516081249093236,0.5209715610656375,-0.7289564833867648,0.5171054982282426,-0.7844505797262915,-0.0468051133907255,0.1384920025652707,33.1272181169345,21.807785991246345,7.346003955509768,0.23202480053670604,0.21474787455708763,0.138302000958661,0.080908135093865,0.23144992761610142,0.15987899688926607,0.10251858862053449,obj_mask.png
