lrc,redness,wpld,wpyv,wprg,gwld,gwyv,gwrg,gwl,gwa,gwb,hv,mean_cone_l,mean_cone_m,mean_cone_s,sd_cone_l,sd_cone_m,sd_cone_s,mask
0.22731701580894664,-0.24148759910276812,0.32171421058283134,-0.5904787467602155,0.7091294608359403,-0.6350181613528421,0.013102520630626554,0.18214608561408097,44.132164046581174,19.5410224969229,5.477953343259585,0.5681641836946901,0.358789556910359,0.24528205003522038,0.17574271055111435,0.2983455233562512,0.19888391415687878,0.21577985235906189,bkg_mask.png
-0.3980132927197405,-0.230475297796565,0.5333014198922492,-1.5370803587039086,0.12345859753627418,-0.8043329129306536,-0.135372473987074,0.08189205769995088,31.799721988935392,8.822778819099595,23.78467906218374,0.1564616530396239,0.1883733884754879,0.13181155238605116,0.034066991006461995,0.1981398251510776,0.1533864789897138,0.054312107722063845,obj_mask.png
