lrc,redness,wpld,wpyv,wprg,gwld,gwyv,gwrg,gwl,gwa,gwb,hv,mean_cone_l,mean_cone_m,mean_cone_s,sd_cone_l,sd_cone_m,sd_cone_s,mask
-0.0620446729460316,-0.18489865093565402,0.23953776031613283,-0.9348977211998346,0.8092966444462047,-0.6080304512909839,-0.20600882797335582,0.44217295613778274,45.94516899679818,39.76085608135717,26.68034871092603,0.19036329144659003,0.4112681427738515,0.21496387990013013,0.09693287902285588,0.30694465586522424,0.17548382552493233,0.14001966144158554,bkg_mask.png
-0.5475349620302637,-0.13932457251985392,0.5168130784292599,-0.5363820940424234,0.5112048530446995,-0.7135203388424513,-0.27777017572582147,0.4637736430674597,39.309756154699855,48.656565939649596,44.96130411710374,0.011115707743250436,0.3153567347867045,0.12944910368280435,0.01777524230005885,0.268508762602052,0.13089026648967808,0.028573803347297148,obj_mask.png
