lrc,redness,wpld,wpyv,wprg,gwld,gwyv,gwrg,gwl,gwa,gwb,hv,mean_cone_l,mean_cone_m,mean_cone_s,sd_cone_l,sd_cone_m,sd_cone_s,mask
0.19512391765806603,-0.21841406947197875,0.294848472595515,-1.0121683870139173,0.7580221672383738,-0.6264013212654427,-0.16410893778484117,0.28933567654347647,44.52835712826449,24.07554092803986,21.158606054275122,0.30207562957569745,0.37682053180649255,0.22932966404345553,0.10543016679576046,0.30819854774957717,0.18561431134442458,0.14591597402282933,bkg_mask.png
-0.23556101289643946,-0.2373938554945092,0.5163469862818915,-0.45128189571010185,0.05232377351839387,-0.7999692272178617,-0.1636459307673817,0.07141773137940138,31.737557839368044,4.532496740926269,28.582505229439754,0.1228300252447384,0.19074355899993653,0.1365245207103113,0.024118557196213745,0.20890545437105024,0.16600106344246954,0.03562751263620215,obj_mask.png
