lrc,redness,wpld,wpyv,wprg,gwld,gwyv,gwrg,gwl,gwa,gwb,hv,mean_cone_l,mean_cone_m,mean_cone_s,sd_cone_l,sd_cone_m,sd_cone_s,mask
0.20985413802582945,-0.2307572880338914,0.2776875626512529,-0.4220402029148126,0.7443577174128275,-0.630912659121407,0.05659807437815239,0.23105897197033168,44.53157176485619,27.84152760274819,-0.8771717903576831,0.4918506610790685,0.36901825940363847,0.2403451273286561,0.19620974984977366,0.2980642699144638,0.19445328718997756,0.211477963203824,bkg_mask.png
-0.4168428812149807,-0.19755958835982426,0.5387263478363349,0.4531606327250553,0.2650537760984425,-0.76396276085497,-0.06814386887932519,0.2027347090016729,34.779062050595236,29.08315543240631,9.559216985358407,0.16680160463712412,0.24096010158795353,0.1419193487286688,0.08169031834228474,0.24856009131542914,0.1606834969846817,0.10040377481639083,obj_mask.png
