lrc,redness,wpld,wpyv,wprg,gwld,gwyv,gwrg,gwl,gwa,gwb,hv,mean_cone_l,mean_cone_m,mean_cone_s,sd_cone_l,sd_cone_m,sd_cone_s,mask
0.3064518799188612,-0.23097544727966018,0.30283323578698174,-0.9727869560312974,0.7479803140603607,-0.6320760992805297,-0.13407773385106292,0.24968073849662756,44.08342124052921,19.362786668381762,16.233453158680973,0.40940957463420435,0.36732767222173407,0.23270581394911874,0.11529734905602657,0.3099385156605727,0.1872555419165264,0.14719101396583562,bkg_mask.png
0.04904294339585755,-0.28329960163373924,0.49958824639211646,-0.17569278482479017,-0.204136419782946,-0.828831371312665,-0.0938052643012443,-0.023454130429709,28.898371187675618,-11.506058897838125,15.593619474302605,0.29467278258685925,0.1538882719046691,0.13292515591231202,0.039782267485505785,0.18230636286984517,0.16945094609972103,0.055965444108730056,obj_mask.png
