lrc,redness,wpld,wpyv,wprg,gwld,gwyv,gwrg,gwl,gwa,gwb,hv,mean_cone_l,mean_cone_m,mean_cone_s,sd_cone_l,sd_cone_m,sd_cone_s,mask
0.3064971434310509,-0.2465646176710734,0.3135227449320154,-0.3613634958508553,0.6661373996170498,-0.6370015965513439,0.0841251495151873,0.16819077130715304,44.00059850478968,21.187479551191533,-3.6653607959975374,0.6121790993741447,0.3563561820038632,0.2475550689633044,0.2047288872459601,0.2986044547757649,0.19940727003340106,0.21495741565219453,bkg_mask.png
-0.2301996546725795,-0.24238495970855317,0.4417490588941638,0.5701632921828689,-0.3891786108821339,-0.8151691081064818,-0.0077460099435432295,0.0529547908510469,30.02678641288754,11.748668400527876,2.1227896802908313,0.44230936341064675,0.1768285750840827,0.13105537781211968,0.08276227846417247,0.20407004007730034,0.16271193445864787,0.10832298993092199,obj_mask.png
