lrc,redness,wpld,wpyv,wprg,gwld,gwyv,gwrg,gwl,gwa,gwb,hv,mean_cone_l,mean_cone_m,mean_cone_s,sd_cone_l,sd_cone_m,sd_cone_s,mask
0.3027832627744484,-0.2291530276264052,0.29767644501523255,-0.9677800038293172,0.7528755665644334,-0.6251750759135574,-0.14506812676310016,0.2588321765542815,44.674079436526014,20.045792699073438,17.46701567038486,0.3865037518260357,0.3746213566255639,0.23611271721343124,0.11390295175619865,0.308181830154234,0.1856660770362927,0.14572108653818555,bkg_mask.png
-0.016415006719707713,-0.27379150278982667,0.5014804879180131,-0.23420310910436817,-0.1480704123404297,-0.8201594786029577,-0.1108750741717607,-0.006767616824212753,29.886890088806055,-8.50830774462274,18.416782299652137,0.2674054875794637,0.163619741986193,0.13621134067487822,0.0366770772698463,0.18255667950613874,0.16423637160921115,0.05033054568830651,obj_mask.png
