lrc,redness,wpld,wpyv,wprg,gwld,gwyv,gwrg,gwl,gwa,gwb,hv,mean_cone_l,mean_cone_m,mean_cone_s,sd_cone_l,sd_cone_m,sd_cone_s,mask
0.3355189710097734,-0.26118819562838363,0.2902583045834169,-0.4108397372304635,0.4802215267316699,-0.6440053772638819,0.05993763764716605,0.11461504737109504,43.44526806679279,11.565828021785384,-0.6959978002306471,0.779181570163223,0.3431846815031525,0.25147034753892417,0.1910430947968353,0.29798798572202007,0.2026315991629942,0.21589111569604721,bkg_mask.png
0.03390345228474127,-0.29854727779783946,0.45538364963671313,0.5744780686502844,-0.9755876036842006,-0.831606652756356,-0.049836171168682185,-0.05517393070140036,28.80222660192445,-15.201361657994196,8.431250101966738,0.4209282185409333,0.14821901589864397,0.13732361775692753,0.05691021659442907,0.17131479788589044,0.16969564132908027,0.07949793391476041,obj_mask.png
