lrc,redness,wpld,wpyv,wprg,gwld,gwyv,gwrg,gwl,gwa,gwb,hv,mean_cone_l,mean_cone_m,mean_cone_s,sd_cone_l,sd_cone_m,sd_cone_s,mask
0.33484422740469966,-0.2518119410061912,0.30295850928347584,-0.3646535230239378,0.6062852546193183,-0.6436295472441476,0.08681409343276955,0.148544871958111,43.515426169412216,18.5262014930887,-3.894507009930883,0.6645188625353666,0.34794866192754326,0.24610450603486894,0.20270256873840417,0.2982599970068323,0.19978258815779373,0.21547820835582027,bkg_mask.png
-0.11477232341517948,-0.26405209051628065,0.4450522041830648,0.37417304188207456,0.2687361913842703,-0.8206882902643118,0.0010302418264419757,0.01032178897135182,29.876615466540365,3.9593141461192034,0.9557432462011759,0.6982388240095664,0.16681203768191274,0.13471025434801154,0.08372085871272529,0.18552209557965596,0.1604614130542113,0.1069394828207266,obj_mask.png
