lrc,redness,wpld,wpyv,wprg,gwld,gwyv,gwrg,gwl,gwa,gwb,hv,mean_cone_l,mean_cone_m,mean_cone_s,sd_cone_l,sd_cone_m,sd_cone_s,mask
0.3288901375933283,-0.24113861520779667,0.3258222077382924,-1.106617342630663,-1.2680180244553418,-0.6305599381243624,-0.1494600192662313,0.21989775352524135,44.314622136781935,12.703965570289732,18.63367800107371,0.45147716345482347,0.3649720666627012,0.23896765045185622,0.10938365704473053,0.3080264457459417,0.18626634698079078,0.1452124123621002,bkg_mask.png
0.0967684111416238,-0.3173876960801465,0.4875869716396739,-0.30848938261613706,-0.3420612566759752,-0.8128193853485646,-0.13233191429296212,-0.10047950122696221,29.826194040782042,-32.154049033392056,21.441449879502823,0.1262917182500387,0.1589792790163446,0.15834987691732336,0.03063076990229495,0.1905111389909527,0.2013051989284772,0.04242202266408609,obj_mask.png
