lrc,redness,wpld,wpyv,wprg,gwld,gwyv,gwrg,gwl,gwa,gwb,hv,mean_cone_l,mean_cone_m,mean_cone_s,sd_cone_l,sd_cone_m,sd_cone_s,mask
0.4071302538649325,-0.2749445993615691,0.37672571129320753,-0.3076264453078598,-1.3606568365862683,-0.6523564499922686,0.09220195810879098,0.07791972603975561,42.79747113235187,6.3011300804580985,-4.388293512191102,0.9671921774260884,0.33160419861438534,0.2523133448421517,0.20062272658125166,0.29882358242342577,0.20336700689746617,0.21685125112981576,bkg_mask.png
0.17814900769075684,-0.33821024328687466,0.4351704746340361,0.6097334738405441,-1.467019917181036,-0.8441302213213601,0.0021278951043967307,-0.11597676095547532,27.368521556791443,-28.580257775000025,0.24904247238148305,0.20898221938988992,0.1302216191693031,0.13969441365671945,0.07276173077739208,0.1607674182229995,0.17796806354632128,0.09642703672335033,obj_mask.png
