lrc,redness,wpld,wpyv,wprg,gwld,gwyv,gwrg,gwl,gwa,gwb,hv,mean_cone_l,mean_cone_m,mean_cone_s,sd_cone_l,sd_cone_m,sd_cone_s,mask
0.26018569744541237,-0.21924892933824852,0.2878341922083538,-0.9503680355612566,0.7618083047935891,-0.624782106727912,-0.12887647203194297,0.29204614557779185,44.65763199976174,26.080270547382746,15.071068928519397,0.34473608507208575,0.37915822473533867,0.23069934280122373,0.12105908237040927,0.3086439118538265,0.18525633029230593,0.1482170041448063,bkg_mask.png
-0.1350411988612425,-0.2373142795795078,0.5164582876061565,-0.10573927688177936,0.034163045259122525,-0.8152689503563891,-0.08512486826215875,0.07099166903669703,30.323492513998836,9.424620568135104,13.318363408123902,0.2814521455832645,0.17772768365591154,0.1263454665226689,0.05014453886029403,0.19962106541482044,0.15439155902675425,0.06948293693686179,obj_mask.png
