lrc,redness,wpld,wpyv,wprg,gwld,gwyv,gwrg,gwl,gwa,gwb,hv,mean_cone_l,mean_cone_m,mean_cone_s,sd_cone_l,sd_cone_m,sd_cone_s,mask
0.07158313420704122,-0.21838511474675656,0.2825939254434058,-1.2045180474805182,0.7803241034921155,-0.6321665410480375,0.0042620556033982696,0.2755956339615062,44.32002653306599,30.87932544910233,5.7580920827256,0.43144027664501716,0.3723614227132336,0.2304140068079779,0.17373585776225092,0.3012159635071791,0.19327580523417018,0.21135651025831395,bkg_mask.png
-0.49549054360705025,-0.16542467986055717,0.5620049864826075,0.0010607274970183544,0.43793960639128937,-0.7259710009474709,-0.19793981366541682,0.34869514345227737,38.02191319880821,39.39979331549087,28.587130563649364,0.048473227948807485,0.29140987638961574,0.1421761596072739,0.04518626405605884,0.26935701965362974,0.1485354231642742,0.06622579276311324,obj_mask.png
