lrc,redness,wpld,wpyv,wprg,gwld,gwyv,gwrg,gwl,gwa,gwb,hv,mean_cone_l,mean_cone_m,mean_cone_s,sd_cone_l,sd_cone_m,sd_cone_s,mask
0.3430246112294493,-0.2675363235302911,0.32770752268477077,-1.0770250871742628,-1.2714490915713021,-0.6524033157720914,0.03542966654741449,0.09247298809657016,42.83651417840983,5.912414602141323,2.9568814846163005,0.7865956834740215,0.33244456356956426,0.24863938987200013,0.17670922463240377,0.295460469300708,0.20210919086265428,0.21603029028119022,bkg_mask.png
0.029062849593243654,-0.32462918534700486,0.46253693766581355,0.5058100170820328,-0.7595461712647811,-0.8067497972241269,-0.12088423429672333,-0.12092385654802255,30.795780359535286,-36.0160780976457,19.485213538515733,0.12397736832390327,0.16233155643369646,0.16686918227292707,0.038191205331977486,0.19062358706728386,0.2060012274079142,0.057849749759146224,obj_mask.png
