lrc,redness,wpld,wpyv,wprg,gwld,gwyv,gwrg,gwl,gwa,gwb,hv,mean_cone_l,mean_cone_m,mean_cone_s,sd_cone_l,sd_cone_m,sd_cone_s,mask
0.31307036986096404,-0.2591501501471934,0.35090676749719263,-1.1584667065710486,-0.9060805059621151,-0.6480476094299652,0.02673331518122457,0.11913032370958063,43.19490280007181,10.274094327401029,4.116102975018957,0.714604988973802,0.33949554835518475,0.24698604003753158,0.17517595651207252,0.29594567598526944,0.20039894862587587,0.2159568926673374,bkg_mask.png
-0.1342671719334349,-0.2955692708337096,0.4644756301186357,0.33655346371869477,-0.6742123710672152,-0.8061624633653895,-0.13079640189185526,-0.06861524804885415,30.42433490918938,-21.099124418954602,21.067240281607045,0.2037263894925071,0.16892339980657506,0.15769022125997334,0.03450518379329646,0.19618285227172938,0.1995824972483799,0.054270122276267416,obj_mask.png
