lrc,redness,wpld,wpyv,wprg,gwld,gwyv,gwrg,gwl,gwa,gwb,hv,mean_cone_l,mean_cone_m,mean_cone_s,sd_cone_l,sd_cone_m,sd_cone_s,mask
0.36823630075555003,-0.25458860506420106,0.3390194123636408,-0.8994715544358622,-1.2920354942670635,-0.6358979411337631,-0.13004941657949007,0.1804521682128419,43.84261845485357,6.153696109998709,15.70775002216565,0.5707530182757429,0.35565778807213866,0.24237368238842738,0.11492692294759689,0.3107339096982625,0.18949971201660776,0.14670511075972267,bkg_mask.png
0.13872405319397416,-0.34428991066239406,0.46836948647774296,-0.13191567138172683,-0.6144200447077784,-0.8246939780151883,-0.0999236704186587,-0.14292656816100158,28.971712299921002,-44.160645909759964,15.745757732410283,0.08751601325673408,0.14346603068058017,0.15755116970284205,0.03861081764016865,0.1810021266509014,0.20351021589829613,0.05231602587971443,obj_mask.png
