lrc,redness,wpld,wpyv,wprg,gwld,gwyv,gwrg,gwl,gwa,gwb,hv,mean_cone_l,mean_cone_m,mean_cone_s,sd_cone_l,sd_cone_m,sd_cone_s,mask
0.34078472211989524,-0.2656018294794811,0.35758703679950615,-1.053931980071,-1.2084172276274778,-0.65099138399806,0.04105280485712276,0.0987878083657447,42.91125648998584,7.5226913808209,2.1164545794446417,0.7848829157613291,0.3345795708257093,0.2486737715159304,0.17976424809531102,0.29678762184958546,0.20266117682485515,0.21651422447151075,bkg_mask.png
-0.005520697249413153,-0.31391360497702386,0.4607141999608862,0.5608864913038156,-0.70569839371998,-0.8233406081320738,-0.09863710198552794,-0.09353422916027358,28.928608462671566,-27.23749839931178,15.96604542231946,0.18987538030983608,0.15058552364698674,0.14968149104638137,0.039993034907270054,0.1869954664684781,0.1983387520396491,0.06121072823597263,obj_mask.png
