lrc,redness,wpld,wpyv,wprg,gwld,gwyv,gwrg,gwl,gwa,gwb,hv,mean_cone_l,mean_cone_m,mean_cone_s,sd_cone_l,sd_cone_m,sd_cone_s,mask
0.07978460641018639,-0.19969190391323374,0.2595914930774521,-1.024348674202257,0.7703859725834896,-0.6141527519592714,-0.18915170956677518,0.3719427401534598,45.519096177545975,33.162388858221924,24.18137158073374,0.22110417541329963,0.3975452690295036,0.22328878692387427,0.10090308642101904,0.306060732554203,0.17943732524220965,0.1415940828507612,bkg_mask.png
-0.46201869857237754,-0.17717935102881596,0.5725394687831292,-0.7790260054065674,0.46815297318751437,-0.7420541927728059,-0.23419467441398722,0.28920477922757604,37.00639278743299,31.651153133717695,38.07437433663209,0.029393256516679456,0.2689753419277824,0.14003097274547405,0.022168669774144705,0.2529045296885604,0.1478368899582539,0.03266050429708845,obj_mask.png
