lrc,redness,wpld,wpyv,wprg,gwld,gwyv,gwrg,gwl,gwa,gwb,hv,mean_cone_l,mean_cone_m,mean_cone_s,sd_cone_l,sd_cone_m,sd_cone_s,mask
0.30074335440675565,-0.25531740646218665,0.3095805096290312,-0.4791392370362615,0.5428983202362392,-0.6449547565178013,0.043879362545943094,0.13214088851608988,43.36255854614998,13.579154844938712,1.5742496227220508,0.6977384860316462,0.3441463868574268,0.24729569981523436,0.18390179618685842,0.29828288180480056,0.20163757403043778,0.21676401657911237,bkg_mask.png
-0.1189170521151588,-0.2776977452154484,0.46040789519371256,0.3748112503126114,-0.7662606795962214,-0.8236490254441046,-0.08523143566212284,-0.02239823617155811,29.369297853304232,-8.789298075529386,14.220543060325971,0.3463964042133493,0.15892555725603086,0.13683345828225443,0.04581014320662839,0.18603781494013827,0.17573774804173486,0.06756324684848626,obj_mask.png
