lrc,redness,wpld,wpyv,wprg,gwld,gwyv,gwrg,gwl,gwa,gwb,hv,mean_cone_l,mean_cone_m,mean_cone_s,sd_cone_l,sd_cone_m,sd_cone_s,mask
0.2675891941962256,-0.24697986812500022,0.30997971625005566,-0.5145564542125769,0.6619961916225796,-0.6377138581410758,0.030147529280748677,0.1619603311389912,43.887628212665234,17.548920307735038,3.1149457629930235,0.6206853316690515,0.3541615596998722,0.24717883071205676,0.1815968163056942,0.29954325733535314,0.20104196046685424,0.21618543253339564,bkg_mask.png
-0.26044329348168443,-0.24852472326436326,0.48404848926929134,0.28155789548993987,-0.5418929275567689,-0.8232455793259068,-0.09959847673152554,0.039090755604067835,30.088601408187223,2.787303514642968,17.849693376639873,0.25266058038267214,0.1663691278961553,0.12577674681311737,0.04019834580677233,0.18208819081586458,0.15082099821046674,0.06179745604509553,obj_mask.png
