lrc,redness,wpld,wpyv,wprg,gwld,gwyv,gwrg,gwl,gwa,gwb,hv,mean_cone_l,mean_cone_m,mean_cone_s,sd_cone_l,sd_cone_m,sd_cone_s,mask
0.33854251973453897,-0.2681782653933223,0.33100682384110786,-1.0252386401255627,-1.2774534590242326,-0.6466017635645395,0.03892372681029387,0.09150081213859146,43.28554627276204,5.797185755150771,2.2110003101062623,0.8072916609216335,0.33773819737317956,0.25329535841604534,0.1808725795835474,0.29604605179127574,0.20288790645772517,0.21590400253865877,bkg_mask.png
0.13864113910695608,-0.3295903060314184,0.4547611500894847,0.569552022441332,-0.7943156351330259,-0.814149165028085,-0.10297785345214495,-0.1234233232634664,30.453481608289746,-36.97510175878732,16.729498532206414,0.12419569870122826,0.15546802704205753,0.16200393958393197,0.04230074993116639,0.1780274077739098,0.19402257656070626,0.060782015993191066,obj_mask.png
