lrc,redness,wpld,wpyv,wprg,gwld,gwyv,gwrg,gwl,gwa,gwb,hv,mean_cone_l,mean_cone_m,mean_cone_s,sd_cone_l,sd_cone_m,sd_cone_s,mask
0.17800023941851248,-0.2343106356725404,0.2992295578804226,-0.5136575387016142,0.7276013559033739,-0.638522866499736,0.03646177560270794,0.20720538328369373,43.83720175856167,24.405227944303988,1.9851560530298626,0.5257350288447198,0.3588674866277017,0.23850098146444465,0.18407879457448637,0.2994925341173677,0.19803582830577934,0.21421704950904535,bkg_mask.png
-0.4385547439109235,-0.20798271438944224,0.5411743104951691,-0.7537035986272403,0.15309737573778065,-0.7789401128984773,-0.11339969677607802,0.16194471882245978,33.944070756316634,21.665079067770847,17.177893021065536,0.15051874933069964,0.2216286170779744,0.1370779329838902,0.05546823312039843,0.23055338812945383,0.15450208496927526,0.07475563581783091,obj_mask.png
