lrc,redness,wpld,wpyv,wprg,gwld,gwyv,gwrg,gwl,gwa,gwb,hv,mean_cone_l,mean_cone_m,mean_cone_s,sd_cone_l,sd_cone_m,sd_cone_s,mask
0.3532413463939384,-0.2684621324415053,0.3239368927918141,-1.1362095980870632,-1.2645869573393815,-0.6564102666299553,0.03750887484588999,0.09288056152833474,42.4262402431774,5.295838928904524,3.297482808399477,0.7850977060170418,0.3288236494489319,0.24555117891225092,0.1757280965644615,0.29875657036771636,0.2028868515846747,0.21861606025557875,bkg_mask.png
0.05269283636092467,-0.329564894823945,0.45402815850905737,0.007137356783673943,-1.1014598020402762,-0.8223777717620633,-0.11747252315296088,-0.12051214253414835,28.996248312766067,-37.60108318349667,19.870669845204574,0.09622561117981532,0.14800015112234416,0.15495379708826312,0.032377478738625204,0.18368025936090643,0.20108426008553898,0.05288044740273593,obj_mask.png
