lrc,redness,wpld,wpyv,wprg,gwld,gwyv,gwrg,gwl,gwa,gwb,hv,mean_cone_l,mean_cone_m,mean_cone_s,sd_cone_l,sd_cone_m,sd_cone_s,mask
0.23134229443335871,-0.23367372137771159,0.29035778787784916,-0.39506378799827296,0.7302783785097317,-0.6342508283495388,0.07156296085954081,0.21731539874961628,44.190161023153706,26.98427773992144,-2.416645196416334,0.5068362873660734,0.3645293325085201,0.24055181005008527,0.20091546696913817,0.2998173844048991,0.19675188510390085,0.21325397146614702,bkg_mask.png
-0.3570138711764514,-0.206069567990046,0.5114888834202235,0.4786448514904379,0.32233262075920394,-0.7781389233336716,-0.030384381377871535,0.16629569783859602,33.55053032998078,26.549957565854562,5.391036843231044,0.2155941764140934,0.22411249900502078,0.13837755523360676,0.09088543532623887,0.2416276106115108,0.16284552194973015,0.11586211539509805,obj_mask.png
