lrc,redness,wpld,wpyv,wprg,gwld,gwyv,gwrg,gwl,gwa,gwb,hv,mean_cone_l,mean_cone_m,mean_cone_s,sd_cone_l,sd_cone_m,sd_cone_s,mask
0.3582186497362173,-0.24678515662098122,0.3352487824706841,-0.9586560653486624,-1.2851733600351432,-0.6382584988430295,-0.13368564873568284,0.20306795283368423,43.68355082842494,10.450866173342607,16.464237095697996,0.5090019504888134,0.35610321242165077,0.2364255777561734,0.11239350075249323,0.30979989733668534,0.18691382793577854,0.14606942718413402,bkg_mask.png
0.11805972803926415,-0.331587044108302,0.482859831114641,-0.2062648617851808,-0.45247773800302765,-0.8182790692740961,-0.11143467468050094,-0.1244398509097423,29.38177622642367,-37.92931582213884,17.45041214777808,0.11580186406493187,0.15140894767834018,0.15889210267801238,0.03681098744647679,0.18661010285998725,0.20448103672881288,0.04971738589620962,obj_mask.png
