lrc,redness,wpld,wpyv,wprg,gwld,gwyv,gwrg,gwl,gwa,gwb,hv,mean_cone_l,mean_cone_m,mean_cone_s,sd_cone_l,sd_cone_m,sd_cone_s,mask
0.17066203851627676,-0.20881741972106044,0.28173474396336545,-0.9601572110874764,0.768419090855642,-0.6186220376986303,-0.13747260129921815,0.33295739096708854,45.1125375523868,30.982432161280297,15.962091039728758,0.28744461214093353,0.38956526417925386,0.22784679424617887,0.12046666214926643,0.3081171706816192,0.18363003266740976,0.14656288003056714,bkg_mask.png
-0.37776782654329777,-0.198483929546163,0.5414385916336024,-0.15243786573547163,0.23122988627137314,-0.7994658271430365,-0.10638918493838594,0.1704175836209845,32.28444503805974,24.58712399528401,16.77311493468068,0.12742193465314788,0.20378284968057628,0.12004026157389408,0.04893371938095027,0.21241084066285057,0.1389356250357835,0.06657581859362056,obj_mask.png
