lrc,redness,wpld,wpyv,wprg,gwld,gwyv,gwrg,gwl,gwa,gwb,hv,mean_cone_l,mean_cone_m,mean_cone_s,sd_cone_l,sd_cone_m,sd_cone_s,mask
0.3199907539704173,-0.25709786834557113,0.282018114849887,-0.44259837547124287,0.5058069042008916,-0.6500363218534608,0.054852743692288014,0.12714476847011533,42.92824446617774,13.287321892814564,0.21556079504258419,0.7227120265307115,0.33902473272568273,0.2445234214996224,0.18615142402597726,0.29918157268344175,0.20200037710107419,0.21700542990338353,bkg_mask.png
-0.03688973085062491,-0.28852821662285894,0.45916813268850676,0.4574574200911281,-0.863455588799168,-0.8261177649208014,-0.07004054773719189,-0.041303598767622005,29.037450469225714,-12.251731003929287,11.381610922685264,0.3878851027667135,0.15463135609618803,0.13863880988603622,0.050992772327109685,0.18498193448431233,0.18041204400269606,0.073192403618571,obj_mask.png
