lrc,redness,wpld,wpyv,wprg,gwld,gwyv,gwrg,gwl,gwa,gwb,hv,mean_cone_l,mean_cone_m,mean_cone_s,sd_cone_l,sd_cone_m,sd_cone_s,mask
0.28617012704513917,-0.23060041313201252,0.42227990801335913,-1.3784669685874111,-0.9189031040158733,-0.6278971310174255,-0.17065031759373636,0.2492811170092643,44.53851481054184,17.37699291513704,22.498698467304447,0.35068240737921574,0.3705978433108029,0.23531050399219675,0.1018045697865717,0.3058823420174092,0.18501676102955175,0.1442350945797233,bkg_mask.png
-0.11998996403603929,-0.27899573634775565,0.5107005863165006,-0.5819121107170697,-0.10775537372789683,-0.8042477148657249,-0.1728084785044072,-0.027725742322973895,31.129945913922942,-16.231074827177952,31.132231850340762,0.11751262407082197,0.17491321277743202,0.15101459696006186,0.01784266359854214,0.19586263497279172,0.18628223381744355,0.02801387686995339,obj_mask.png
