lrc,redness,wpld,wpyv,wprg,gwld,gwyv,gwrg,gwl,gwa,gwb,hv,mean_cone_l,mean_cone_m,mean_cone_s,sd_cone_l,sd_cone_m,sd_cone_s,mask
0.12282552865442287,-0.21979919501595926,0.28633673000529625,-1.2317191912747985,0.7780021513250128,-0.6237836004521919,-0.012249042190621189,0.27978801911980095,44.93199616132685,30.191511852516008,7.296413450922346,0.4314644411168662,0.38035435617003865,0.23574725665304538,0.17067886561121964,0.30268646491744816,0.19246221920868004,0.20892750447600533,bkg_mask.png
-0.4312616268223845,-0.17318178444870327,0.5576795518598325,-0.32467881140112365,0.4592800535966536,-0.7150676391849123,-0.2214183314345283,0.3399530895200824,39.02598713899788,36.552742249309766,31.503667090603873,0.047525799783791456,0.3000948638575798,0.1516417585445745,0.040304283805325414,0.27035349584185264,0.15244278914599507,0.05890927091389211,obj_mask.png
