lrc,redness,wpld,wpyv,wprg,gwld,gwyv,gwrg,gwl,gwa,gwb,hv,mean_cone_l,mean_cone_m,mean_cone_s,sd_cone_l,sd_cone_m,sd_cone_s,mask
0.11339015007698881,-0.19981397621536107,0.25733695098341197,-0.9993139131923556,0.7948622351038539,-0.6053814672045071,-0.19037132145620186,0.3837883612194402,46.118164811532644,33.812184281011554,23.25608327778751,0.22527596750851198,0.4070296816933085,0.22780694199812943,0.1045110248425407,0.30751709442687525,0.1787795339897241,0.1412909199957342,bkg_mask.png
-0.4601453561234536,-0.17443329187386322,0.5632241953750027,-0.5814446638602456,0.4671475805080441,-0.7525687185484318,-0.21284938174261828,0.28667533799159406,36.11341709526702,32.820249009418845,34.22223446723693,0.03509478958501522,0.2592826632264762,0.1328598879436399,0.026282914157139858,0.24946570847065164,0.14329636172851784,0.03725534436829687,obj_mask.png
