lrc,redness,wpld,wpyv,wprg,gwld,gwyv,gwrg,gwl,gwa,gwb,hv,mean_cone_l,mean_cone_m,mean_cone_s,sd_cone_l,sd_cone_m,sd_cone_s,mask
0.18532003385808807,-0.2352092398795827,0.2973442429339443,-0.5432497941580143,0.7310324230193342,-0.6352928061120939,0.00930904271010582,0.20547986085153627,44.124980915921284,22.606833178400624,5.903517385516077,0.5203242309039289,0.36124380860378413,0.2407899868074062,0.17411435570408704,0.2981239277650459,0.19701175265460247,0.21475848588349455,bkg_mask.png
-0.4375508269742868,-0.21237902410115872,0.5273740412095176,-1.3748533174422173,-0.11438207479715196,-0.7773354936442021,-0.16186223999397806,0.14749874594960793,33.857831854298226,16.93515718922299,26.277169427382056,0.11159655676876834,0.2206818288541187,0.14004838222237584,0.0357035951570586,0.23134306996173964,0.1586264383702026,0.05579941342078335,obj_mask.png
