lrc,redness,wpld,wpyv,wprg,gwld,gwyv,gwrg,gwl,gwa,gwb,hv,mean_cone_l,mean_cone_m,mean_cone_s,sd_cone_l,sd_cone_m,sd_cone_s,mask
0.3003370722319385,-0.23212421403914085,0.40800069313399545,-1.2681701972591326,-0.9809734789113198,-0.6340688249395842,-0.15534970022484754,0.24357559024743794,44.020409797732206,17.135321324256232,20.193580161249415,0.3813143189856283,0.36444959157184414,0.23191310082323852,0.10537088588249703,0.30758395800958016,0.18556551948774802,0.1453378363071028,bkg_mask.png
-0.042919175821805544,-0.28533562003504775,0.5058943970964539,-0.4344002911905505,-0.1577132914480953,-0.8121179488599436,-0.15098098543923477,-0.04045485323439095,30.1791459901069,-17.675784997757443,26.232826883928777,0.1522073320689401,0.16646117463169033,0.14770854250842344,0.023344332532474324,0.19660521330125183,0.19194979770191048,0.034970189006919,obj_mask.png
