lrc,redness,wpld,wpyv,wprg,gwld,gwyv,gwrg,gwl,gwa,gwb,hv,mean_cone_l,mean_cone_m,mean_cone_s,sd_cone_l,sd_cone_m,sd_cone_s,mask
0.1352731360989124,-0.20366142279655586,0.26896241714771124,-1.0491587063344174,0.7623110011333242,-0.6097626181243252,-0.195151360775632,0.36073567504343684,45.845974728998826,31.287230103150435,24.937428201115743,0.22826840773946078,0.400182731199357,0.22855016872591444,0.10036179043769006,0.30599133906049114,0.18025273605963085,0.1418243232849976,bkg_mask.png
-0.4621830116529486,-0.18655425785445437,0.5803342270941543,-1.3652708816923953,0.40470622016614044,-0.7578504699051236,-0.22292278411849728,0.2421248413894982,35.77724985844651,26.758125578359422,37.92898803471864,0.03334011343443022,0.24897924291401904,0.13670696277520142,0.019390283396801145,0.24363213987989832,0.14786871204731553,0.0297674797633096,obj_mask.png
