lrc,redness,wpld,wpyv,wprg,gwld,gwyv,gwrg,gwl,gwa,gwb,hv,mean_cone_l,mean_cone_m,mean_cone_s,sd_cone_l,sd_cone_m,sd_cone_s,mask
0.3078612038840785,-0.25253843115431696,0.30344153703653615,-0.46628476321469997,0.5797383881017191,-0.6356447924538431,0.04608722979334357,0.14513840941377504,44.12508718481776,15.611726946732649,0.909332107721242,0.6732757863098269,0.35431538612760344,0.2520769095419659,0.18921088636118372,0.2977057229175381,0.20030858904174462,0.21539293065024365,bkg_mask.png
-0.13618630156988845,-0.2658676739543103,0.4681602847371602,0.5291278530630366,-0.6801130162507582,-0.8266973614405659,-0.06767023732944388,0.007130708894920846,29.728708776554228,-2.1367609656173396,11.815580088994151,0.3958247210229553,0.15986852930631276,0.1294894011550841,0.051930815599819866,0.17270974100072514,0.15037119522826214,0.07326401877909865,obj_mask.png
