lrc,redness,wpld,wpyv,wprg,gwld,gwyv,gwrg,gwl,gwa,gwb,hv,mean_cone_l,mean_cone_m,mean_cone_s,sd_cone_l,sd_cone_m,sd_cone_s,mask
0.3175075120166976,-0.23922684423722868,0.3225229065819553,-1.1584037896793633,-1.2620136570024114,-0.6367483364732229,-0.1503313550678545,0.2235427814907845,43.69839853450505,13.24948535222131,19.60704289833209,0.42846522356911243,0.3596766546150152,0.23358081422021826,0.10615874636187264,0.31094936519733146,0.1880121529724947,0.1467519863290621,bkg_mask.png
0.06772446710351412,-0.31841325515640445,0.4873432441140513,-0.40989589392915843,-0.35220683212337583,-0.8254417167352742,-0.13686122183477933,-0.09635757977203996,28.458690842008643,-32.99740823846678,23.956642945954282,0.09505177294072953,0.1477452062050283,0.14791204036977848,0.022877657482113598,0.18496189111446512,0.1959680020003732,0.03575823857370732,obj_mask.png
