lrc,redness,wpld,wpyv,wprg,gwld,gwyv,gwrg,gwl,gwa,gwb,hv,mean_cone_l,mean_cone_m,mean_cone_s,sd_cone_l,sd_cone_m,sd_cone_s,mask
0.24718013933502758,-0.24261232323395854,0.3034715165099989,-0.4470749639247139,0.7198814548924634,-0.6419715566883409,0.051820805126780306,0.17711263930817533,43.61242748634512,21.004642745505464,0.21858705137661655,0.5897661445233252,0.35234569959946027,0.24158414215593849,0.18882963023997876,0.29870500920004883,0.19908426134444054,0.21492935653701023,bkg_mask.png
-0.341120124377909,-0.23349163383152471,0.4763583318285578,0.5372810095533862,-0.4455996887639051,-0.8015242923378252,-0.07099962886021913,0.0773332941247223,31.724615047021516,11.707373478500887,11.434266105331911,0.28253525946868174,0.19137958303599545,0.13591823665121855,0.06251220400084266,0.20740538086135604,0.15910915517429572,0.08485833335473586,obj_mask.png
