lrc,redness,wpld,wpyv,wprg,gwld,gwyv,gwrg,gwl,gwa,gwb,hv,mean_cone_l,mean_cone_m,mean_cone_s,sd_cone_l,sd_cone_m,sd_cone_s,mask
0.24988386370505344,-0.24505318004724297,0.475262682639811,-1.37499714032693,0.05538385518789693,-0.6341747738052461,0.008245652295961699,0.16934243061892043,44.226378191869365,17.446987358334717,6.095061338948506,0.5929293764532038,0.3579797891973481,0.24815112245964188,0.17403025591695376,0.2970854196522441,0.19889273157596157,0.21526252037050891,bkg_mask.png
-0.31641542588239185,-0.2433150845980946,0.4981048634733408,-1.3974160607969708,0.041555864454668606,-0.8036923604126409,-0.14396804861789358,0.0508036938704193,31.751287346608745,2.797182986069463,25.38407543955206,0.16431883435011774,0.1851550761896486,0.1377630169731088,0.030604753541995412,0.19893190653445572,0.1661004501463717,0.05015776738067239,obj_mask.png
