lrc,redness,wpld,wpyv,wprg,gwld,gwyv,gwrg,gwl,gwa,gwb,hv,mean_cone_l,mean_cone_m,mean_cone_s,sd_cone_l,sd_cone_m,sd_cone_s,mask
0.27548269138446857,-0.22709100202209243,0.4227695172070008,-1.2428298013784627,-0.7539287042655097,-0.6228807791788372,-0.16083399501987902,0.265093687622978,44.82536098372418,20.09798369237605,20.21464692335636,0.3540596918214075,0.3772482428404829,0.23644853517910736,0.10834270052022549,0.30876615828342374,0.1866783824641676,0.1464157026032212,bkg_mask.png
-0.06327636184580668,-0.2663647749022852,0.5080303661479734,-0.39150410415710724,-0.09150170855817835,-0.8178883690826644,-0.13768866238194613,0.007180666770565836,30.161485610028656,-7.339955703094204,24.419462186418464,0.18053132656743487,0.16697224041828393,0.13494444562441751,0.026477547667323548,0.18415614785154702,0.16268931662766706,0.03857826055940367,obj_mask.png
