lrc,redness,wpld,wpyv,wprg,gwld,gwyv,gwrg,gwl,gwa,gwb,hv,mean_cone_l,mean_cone_m,mean_cone_s,sd_cone_l,sd_cone_m,sd_cone_s,mask
0.3662185171566296,-0.26660750828686874,0.28077835234468124,-0.35995220569272607,0.40861199499794515,-0.6511251605946046,0.08195790969617109,0.0994218085593085,42.88634480145726,10.075713035170494,-3.211187297491575,0.8660563013160072,0.3351365649549374,0.2491844022604658,0.19696395398214334,0.2985620066236405,0.20326406467729544,0.2167324980848995,bkg_mask.png
0.1652888946135581,-0.3163652047256719,0.4332334721713812,0.5983891852714822,-1.0331177965148295,-0.8364040481417638,-0.0139921440413782,-0.08345253623802154,28.13888979429596,-19.79179096099346,2.6330409275327877,0.3750730971073841,0.14096993636962146,0.13941601667714018,0.06968593431789327,0.17153298109331008,0.17946352186268583,0.0939147179403412,obj_mask.png
