lrc,redness,wpld,wpyv,wprg,gwld,gwyv,gwrg,gwl,gwa,gwb,hv,mean_cone_l,mean_cone_m,mean_cone_s,sd_cone_l,sd_cone_m,sd_cone_s,mask
-0.027430636382324066,-0.18600727740393658,0.2399812637216861,-1.013885312042815,0.8129790597320324,-0.6056962694310228,-0.20723463353187602,0.4426348337388011,46.12263411129221,39.55761391592369,26.284769212650335,0.1913277436477745,0.4134600652217219,0.21663626981548767,0.09750124823017596,0.30753932835763625,0.17487287718334668,0.1388215402809117,bkg_mask.png
-0.5468395395245184,-0.1425886828727118,0.5196410508489775,-0.4919937108578232,0.5060582523707592,-0.7101433390018259,-0.27540925412122563,0.4553309253483343,39.33623307038043,47.43934330604494,43.31297618714232,0.012378448298784206,0.31750987441999556,0.13358811691772413,0.0203030109522413,0.2734219242452898,0.13513512349815127,0.03104264478259421,obj_mask.png
