lrc,redness,wpld,wpyv,wprg,gwld,gwyv,gwrg,gwl,gwa,gwb,hv,mean_cone_l,mean_cone_m,mean_cone_s,sd_cone_l,sd_cone_m,sd_cone_s,mask
0.37919339863558327,-0.2765807941149879,0.34656067214955416,-0.7811025326102616,-1.3057597627309045,-0.6520332241826243,0.06352350076420869,0.06837648138154494,42.888741499550456,2.800644367392113,-0.9752466968946505,0.93105584594869,0.3303477574819334,0.25377385168492617,0.1886316834315255,0.29554049653237313,0.2029540385444622,0.21572162196771869,bkg_mask.png
0.11277111126010965,-0.34478513025817864,0.44756437456692144,0.4698444470558656,-1.401518475169629,-0.81832119182884,-0.06467141259804637,-0.1512466676200137,29.127789501510843,-40.16139793705353,9.221966437930876,0.12923993341434747,0.14888677801415534,0.16453411389810188,0.056407695627356015,0.18731160970002686,0.21194474187512627,0.07710213141077712,obj_mask.png
