lrc,redness,wpld,wpyv,wprg,gwld,gwyv,gwrg,gwl,gwa,gwb,hv,mean_cone_l,mean_cone_m,mean_cone_s,sd_cone_l,sd_cone_m,sd_cone_s,mask
0.29448014272473383,-0.25320196669879785,0.29124264054655935,-0.48586311426713946,0.5929599602258251,-0.6425042809216,0.03440427115019587,0.13947857367533675,43.61537654310065,14.27865379694358,2.7396182883122515,0.673960931053872,0.34713807221097914,0.2476678482046184,0.18107291630241842,0.296542368976752,0.19982754754294565,0.21582640246329965,bkg_mask.png
-0.20891109069648142,-0.2678323025583922,0.47058677738006477,0.2373133351900527,-0.7065122568678773,-0.8167143844347363,-0.10043109774932865,-0.003744642925603386,30.148847889136803,-5.597172977111069,16.844550921192006,0.30076788166613344,0.16731356116642157,0.1384744886210789,0.04269594588770764,0.1902485030013576,0.1726336581983719,0.06340132393382042,obj_mask.png
