lrc,redness,wpld,wpyv,wprg,gwld,gwyv,gwrg,gwl,gwa,gwb,hv,mean_cone_l,mean_cone_m,mean_cone_s,sd_cone_l,sd_cone_m,sd_cone_s,mask
0.3865687296297673,-0.2762700490590357,0.3394907411002604,-0.8920734905717622,-1.2928932610460535,-0.650702570749258,0.053419419614961994,0.07209140816374159,42.97885562798613,2.0884584900409777,0.43684040961600723,0.897863447749427,0.33186697040229324,0.25393649576179234,0.1850020742266561,0.2968552709139061,0.20267692732045636,0.21651048224368333,bkg_mask.png
0.13913290601552492,-0.3471410335559608,0.44949614044032515,0.388690473428506,-1.3756817495305398,-0.812692180423429,-0.08260934134476952,-0.1601754396849482,29.67972736134573,-44.00448612001476,12.159060920316753,0.10759813266632334,0.15276138483037144,0.17011518810160803,0.05141414231352549,0.1909135255132165,0.2167682944949125,0.07191557603723703,obj_mask.png
