lrc,redness,wpld,wpyv,wprg,gwld,gwyv,gwrg,gwl,gwa,gwb,hv,mean_cone_l,mean_cone_m,mean_cone_s,sd_cone_l,sd_cone_m,sd_cone_s,mask
0.35660887214681036,-0.24891216981097486,0.35174528825236956,-0.6997238301051614,-1.3151951972997953,-0.6362106878179398,-0.11962568187559049,0.1992031293466807,43.71549408685571,10.329611701522113,14.076753939015655,0.5703275141953354,0.3577444236438438,0.23893323036614655,0.1192599649274165,0.3128434273258439,0.18988415913621362,0.14753664458479765,bkg_mask.png
0.19272491144930257,-0.3433983335926615,0.477944613726118,-0.03267554285308466,-0.5821201589071164,-0.8281255261707857,-0.07236776390885323,-0.13722210423490672,28.61084649399311,-40.08733873849924,10.827757652700551,0.12835183378777104,0.1413809500007293,0.15439704980860122,0.048668836451024176,0.17604140438255636,0.19680041842132423,0.06412971882995516,obj_mask.png
