lrc,redness,wpld,wpyv,wprg,gwld,gwyv,gwrg,gwl,gwa,gwb,hv,mean_cone_l,mean_cone_m,mean_cone_s,sd_cone_l,sd_cone_m,sd_cone_s,mask
0.4065527767391333,-0.27996944023417514,0.3842669710791209,-0.18925742348225932,-1.3743811050501094,-0.6528856039620016,0.09815482182306905,0.06240645867168754,42.804421923482195,3.8058334316536726,-5.12093480754154,0.9297132036537503,0.32936606760037124,0.2548187950620015,0.20282246747079052,0.2967674969176576,0.20334549811375185,0.2158375657634719,bkg_mask.png
0.21079506221441746,-0.3520258005589017,0.4351704746340361,0.6097334738405441,-1.467019917181036,-0.8215835290028749,0.009994923721727975,-0.16067363140723842,29.269287744858435,-36.658219382072915,-1.1993729103132442,0.15312269983682625,0.1458628161569604,0.16507984349251598,0.0863569104331185,0.18166537334847205,0.2081651617737611,0.10771764651491962,obj_mask.png
