lrc,redness,wpld,wpyv,wprg,gwld,gwyv,gwrg,gwl,gwa,gwb,hv,mean_cone_l,mean_cone_m,mean_cone_s,sd_cone_l,sd_cone_m,sd_cone_s,mask
0.3688515364064423,-0.2506355837984256,0.34938864456927166,-0.7367141494256615,-1.310906363404845,-0.6362575827519221,-0.12069197361742222,0.19757625217773908,43.66715736451701,9.304820154254553,14.262798005888328,0.5804176457555164,0.35749262803803095,0.23917247635055658,0.1187813410035712,0.3144344612446758,0.19023195795976056,0.14844931852002613,bkg_mask.png
0.16709636748180381,-0.3477534254300696,0.46534651061511684,-0.01683667672920891,-0.687996458169351,-0.8356676376275944,-0.072933645787237,-0.13944983620953524,27.604292817213423,-41.84386606479439,11.193427931826355,0.10408196475084963,0.13414440018452972,0.1490456812640689,0.04491927070963671,0.17597783512203222,0.1987854517943758,0.061515205298358404,obj_mask.png
