lrc,redness,wpld,wpyv,wprg,gwld,gwyv,gwrg,gwl,gwa,gwb,hv,mean_cone_l,mean_cone_m,mean_cone_s,sd_cone_l,sd_cone_m,sd_cone_s,mask
0.13652654637911366,-0.20612410360027955,0.27843544280702837,-1.0119436581361767,0.7744234583085724,-0.614811837808441,-0.18351052619254796,0.3453141690234284,45.437152077543836,30.172358459929864,23.48645297712764,0.23849749849844393,0.39386588486922824,0.2276978369112225,0.10286349562951075,0.3073910657534047,0.18204959765091341,0.1435807447594898,bkg_mask.png
-0.46454820511510597,-0.19113912010329906,0.5606128154275155,-1.261554164710282,0.22293155527523054,-0.7796758569787939,-0.1951357002980914,0.20248746595086012,33.90458488745936,23.95758742610779,34.29144721670619,0.041499572685986585,0.22454198499629413,0.12774039032805268,0.020813065278127173,0.22615018925007743,0.14428654932192614,0.03214427162254899,obj_mask.png
