lrc,redness,wpld,wpyv,wprg,gwld,gwyv,gwrg,gwl,gwa,gwb,hv,mean_cone_l,mean_cone_m,mean_cone_s,sd_cone_l,sd_cone_m,sd_cone_s,mask
0.37397342504780634,-0.260345632221789,0.28737910879975187,-0.3235551670124202,0.5412865089476465,-0.6529030790991007,0.10053878959272064,0.12121233393021882,42.737719233299785,14.940139857235556,-5.368178537387123,0.7786334002029357,0.33635106202427745,0.2442239912187418,0.2040715546223034,0.2997080395913012,0.2014869502687872,0.21707941794970423,bkg_mask.png
0.13226894125724675,-0.2972180249212675,0.4351704746340361,0.6097334738405441,-1.467019917181036,-0.8305701281533401,0.02745937115742644,-0.04931366243807729,28.735685581588818,-7.3192887070570585,-2.9291176870317788,0.6515313548463034,0.1510143297014518,0.13842813030202675,0.09002977415030444,0.17675486201157714,0.17074444513345757,0.11467648017463127,obj_mask.png
