lrc,redness,wpld,wpyv,wprg,gwld,gwyv,gwrg,gwl,gwa,gwb,hv,mean_cone_l,mean_cone_m,mean_cone_s,sd_cone_l,sd_cone_m,sd_cone_s,mask
0.2239729710672747,-0.23715259414776596,0.3030001877733793,-0.45447302778881393,0.7207392216714534,-0.6365028308237509,0.0461233035705926,0.20002183101674895,44.03480084632588,23.730942907969464,0.6696898202175562,0.5457366181862989,0.3600248309667252,0.24150886500126148,0.1890623463444494,0.2987655153846467,0.19776887046112343,0.21374079548240768,bkg_mask.png
-0.39948803106817354,-0.2155286433848695,0.5330127053044238,-0.944174522078888,0.4927768616083586,-0.7857772850907383,-0.0869385835381234,0.1352420657687666,33.04584816671257,19.30082552809977,13.121223235213558,0.20248227559999132,0.21254384026258435,0.13716543525495623,0.0633448238903913,0.22794853436460122,0.15804361152161672,0.08353518891721008,obj_mask.png
