lrc,redness,wpld,wpyv,wprg,gwld,gwyv,gwrg,gwl,gwa,gwb,hv,mean_cone_l,mean_cone_m,mean_cone_s,sd_cone_l,sd_cone_m,sd_cone_s,mask
0.3776876023421871,-0.2694545037204783,0.3578725618284242,-0.603548999871861,-1.326346165426666,-0.6471312476265177,0.06968291800101326,0.09170143426680936,43.24393669971628,7.660866830574493,-1.8925858365804928,0.8936234303658055,0.33772829865532294,0.2534025944704655,0.1936058661017586,0.29737247401366323,0.2024873470019767,0.2154034252475665,bkg_mask.png
0.11907632138597493,-0.32517875049960515,0.44643364023019216,0.5264131174288054,-1.419028881188685,-0.8287024376597993,-0.035766362747040814,-0.10428675402659937,28.82422823478949,-26.739233819115174,5.756532529377249,0.26325789031084035,0.14529131608981888,0.1486581513014754,0.06398501618841987,0.1722192282531027,0.18421827829080223,0.08619932916388033,obj_mask.png
