lrc,redness,wpld,wpyv,wprg,gwld,gwyv,gwrg,gwl,gwa,gwb,hv,mean_cone_l,mean_cone_m,mean_cone_s,sd_cone_l,sd_cone_m,sd_cone_s,mask
0.2045352288841814,-0.2350194678975987,0.3076578244774426,-0.5532636985619748,0.7212419180111886,-0.6318023189581286,0.01654371635044047,0.21024463257084053,44.40880091195139,23.420173180504754,4.408869905791334,0.5243565974880489,0.36513836794318116,0.24271598888020596,0.17880763966238666,0.29828051490430574,0.19642674485723835,0.21335848433667842,bkg_mask.png
-0.46062891442100384,-0.2096607821349728,0.5394629812265597,-1.5560474400148112,0.5418171939112721,-0.778862679730802,-0.14092912984171788,0.15479722942785593,33.9266027003625,19.240030860467915,22.29495153338676,0.13035719352383723,0.22044600951794113,0.1379388595977797,0.04385813272938644,0.22685201177277572,0.1541913267519866,0.06376639334471797,obj_mask.png
