lrc,redness,wpld,wpyv,wprg,gwld,gwyv,gwrg,gwl,gwa,gwb,hv,mean_cone_l,mean_cone_m,mean_cone_s,sd_cone_l,sd_cone_m,sd_cone_s,mask
0.19084033810333395,-0.23353677452418614,0.3742017228795182,-0.7330645200777823,0.5778154100049642,-0.6361670177102124,0.05177080887129843,0.2135265286639036,44.01686136897918,25.75971586669346,-0.04285396584368516,0.5163464068905692,0.3620182012679259,0.23942522741649933,0.191658812300377,0.2998930851676062,0.19778512875020415,0.21399108116659882,bkg_mask.png
-0.42134861887503683,-0.20664402749603836,0.5397970042127466,-0.08062360987885042,0.24480652883473394,-0.7761369887034805,-0.0743280469617497,0.1671611434510638,33.89644478593199,24.224487583649676,11.070707866211105,0.18851630086240612,0.22541318209172367,0.13896474216938057,0.07327733424850576,0.23577993033043146,0.15635641354049853,0.09341886321743532,obj_mask.png
