lrc,redness,wpld,wpyv,wprg,gwld,gwyv,gwrg,gwl,gwa,gwb,hv,mean_cone_l,mean_cone_m,mean_cone_s,sd_cone_l,sd_cone_m,sd_cone_s,mask
0.4033200655519225,-0.280673720485653,0.37059843771715295,-0.4038012755411601,-1.3495058684593977,-0.6521146579307419,0.08651988992801837,0.0595536137128061,42.86770556692,2.386714212157467,-3.778286808852833,0.9549533571617491,0.32956781134574015,0.2557145123398284,0.19825904242980455,0.2966189516549591,0.20379206825332963,0.21616467743891776,bkg_mask.png
0.15954981278014885,-0.35274270055341994,0.4373854923805693,0.6073423621784244,-1.461266897897973,-0.8141223541996491,-0.017118250358651388,-0.16938907345576001,30.118841930527253,-40.849826279894195,2.390969219295301,0.14089557319204404,0.1513186896467449,0.17185459938786476,0.07834350273052978,0.18314374206002992,0.21018090126618869,0.09677392556943475,obj_mask.png
