lrc,redness,wpld,wpyv,wprg,gwld,gwyv,gwrg,gwl,gwa,gwb,hv,mean_cone_l,mean_cone_m,mean_cone_s,sd_cone_l,sd_cone_m,sd_cone_s,mask
0.19336614774816815,-0.21238089768624244,0.28173474396336545,-0.9601572110874764,0.768419090855642,-0.6178380489233569,-0.1556399614217495,0.3195249782075278,45.194390642501105,28.334970019319123,18.71084267269148,0.28808153485940213,0.3884291652973405,0.23054764134236724,0.11310784691153838,0.3072731963909498,0.18366791323889953,0.1457379691166238,bkg_mask.png
-0.3650131640897012,-0.21076270441948652,0.5322374639698111,-0.32723173504929903,0.09269863076922155,-0.7982787379254642,-0.1377265607190221,0.13747925338740474,32.24270616913769,17.692890815318417,22.65787007275027,0.11900454063214239,0.20051347172978204,0.12633794847001134,0.036121841656436476,0.2108261647095856,0.1468847604434646,0.049713623699315625,obj_mask.png
