lrc,redness,wpld,wpyv,wprg,gwld,gwyv,gwrg,gwl,gwa,gwb,hv,mean_cone_l,mean_cone_m,mean_cone_s,sd_cone_l,sd_cone_m,sd_cone_s,mask
0.31341872689297384,-0.25855635068991023,0.3881906878982988,-1.077312732943689,-0.9319172316012042,-0.6462377823576309,0.038638177427128474,0.1216446914519927,43.307763283429,11.402359971656391,2.356290624109501,0.7239635292381288,0.3416407580833575,0.24812168409721097,0.18104990157278428,0.2971586323524378,0.20120761673666865,0.21651790128458703,bkg_mask.png
0.03404695787322542,-0.2932251858320908,0.46445223208575465,0.5546120718284189,-0.622834171589997,-0.8232936474367941,-0.0964040886557321,-0.047802962661261696,29.666385759492595,-16.791360664484106,16.50995700970868,0.2653190499330408,0.15607903105085127,0.14149513444509698,0.04115246309385315,0.17900478518398388,0.1747316554597435,0.06204581780117556,obj_mask.png
