lrc,redness,wpld,wpyv,wprg,gwld,gwyv,gwrg,gwl,gwa,gwb,hv,mean_cone_l,mean_cone_m,mean_cone_s,sd_cone_l,sd_cone_m,sd_cone_s,mask
0.08676274923823547,-0.19583182906174634,0.25312281768490197,-0.9795108332621754,0.7980419540499465,-0.6041968409229096,-0.1793455741635604,0.40389850058639015,46.237580992414436,36.394062123333164,21.053842878969053,0.22586273938981682,0.41066888371256355,0.22527198083350028,0.10979901008686274,0.3072862873854432,0.1773956342775162,0.14073892298683366,bkg_mask.png
-0.497580807871099,-0.16506551464705377,0.5586222093330717,-0.3098826836729236,0.45756452003867343,-0.7297393837230577,-0.20674802369750483,0.3426507063996547,37.808129761843254,39.0069375479943,29.995023705769754,0.03609938068697871,0.2870838398037188,0.1402417395098032,0.03969458060826766,0.26771844547370954,0.15051373683168245,0.051417950390160796,obj_mask.png
