lrc,redness,wpld,wpyv,wprg,gwld,gwyv,gwrg,gwl,gwa,gwb,hv,mean_cone_l,mean_cone_m,mean_cone_s,sd_cone_l,sd_cone_m,sd_cone_s,mask
0.3052042671464279,-0.25681875532114795,0.42234248525491014,-1.293798238909228,-0.8684863935870323,-0.6407399440459601,0.015594434016554444,0.12761141010800778,43.78017412843709,11.094639024493713,5.396762454142338,0.6861508273334143,0.34708311657228563,0.2508210921959047,0.17390481833261706,0.29567888643649043,0.19986847758984,0.215317113163775,bkg_mask.png
-0.07996079711099857,-0.28998640562555067,0.4699968756009246,0.297846219369297,-0.6149666446786062,-0.8042675028633688,-0.14174645023932786,-0.05205335302766497,31.41839220278686,-19.15846809858398,24.198699429119014,0.17144304046643866,0.17247295262994672,0.15594664994508284,0.03083551122487134,0.1897465502473867,0.18730533657399276,0.04964369052970386,obj_mask.png
