lrc,redness,wpld,wpyv,wprg,gwld,gwyv,gwrg,gwl,gwa,gwb,hv,mean_cone_l,mean_cone_m,mean_cone_s,sd_cone_l,sd_cone_m,sd_cone_s,mask
0.33703587640151134,-0.24535983032942094,0.32770752268477077,-1.0770250871742628,-1.2714490915713021,-0.634962415725079,-0.14527880021624556,0.2059272568050556,43.90149275482493,10.270679421595638,18.338480295343334,0.4777156505055311,0.35931388586367446,0.23821312505902958,0.10904436431164898,0.31015856434762235,0.1888846921741128,0.14631250884170058,bkg_mask.png
0.13074679467907546,-0.3318598473002684,0.4821447748523987,-0.31506943696230216,-0.4617655466714381,-0.8164119741394712,-0.13094657367643037,-0.12604730021901814,29.649128297204722,-40.50256542362925,21.65405554841222,0.08507620078355971,0.15265380058862266,0.16025760505905673,0.029438221139346174,0.1885275906316273,0.20697469171060828,0.04183609713188584,obj_mask.png
