lrc,redness,wpld,wpyv,wprg,gwld,gwyv,gwrg,gwl,gwa,gwb,hv,mean_cone_l,mean_cone_m,mean_cone_s,sd_cone_l,sd_cone_m,sd_cone_s,mask
0.23736751816281113,-0.220919577282521,0.3004765921038838,-1.0097772753517975,0.752269147955311,-0.6256858987086237,-0.16079762888980662,0.28256934549937285,44.60858749804857,23.150118000879168,20.37694834830491,0.31971282479626295,0.3767286478820806,0.23115576194224594,0.10713051061980727,0.3080721848076445,0.18574162993289667,0.14536675349625514,bkg_mask.png
-0.18763999247564972,-0.24601264397671135,0.5161984337659082,-0.4025607469567435,0.0028685521379304656,-0.80841312800272,-0.14885280679173912,0.0483988289804161,30.941139745441088,1.2625841060868173,26.054802514820146,0.15353585253050206,0.18043881459764746,0.134515508906455,0.026341921647954063,0.20296902277359302,0.16855693069357583,0.039158495224801144,obj_mask.png
