lrc,redness,wpld,wpyv,wprg,gwld,gwyv,gwrg,gwl,gwa,gwb,hv,mean_cone_l,mean_cone_m,mean_cone_s,sd_cone_l,sd_cone_m,sd_cone_s,mask
0.3765987868836605,-0.27284329274076446,0.33053549510448826,-1.0326367039896627,-1.2765956922452424,-0.654765781733397,0.046905587224931315,0.08146128622884777,42.60843771115174,3.526087574442092,1.707504385011614,0.8448256883673784,0.329128553275181,0.24903357668470957,0.18040746918099643,0.29761200483824984,0.202493633898023,0.21810098897530522,bkg_mask.png
0.04092647152651612,-0.33918968494408075,0.45119110536752477,0.11802740875214657,-1.3004935247803746,-0.8244911928952399,-0.09753360833559702,-0.13670984996740532,28.58483451020851,-40.60409591808039,15.623952200628967,0.1058808843455531,0.14442505525912008,0.15662497163237277,0.039739965933653275,0.18412042567663073,0.2063293366735831,0.060945821835108833,obj_mask.png
