lrc,redness,wpld,wpyv,wprg,gwld,gwyv,gwrg,gwl,gwa,gwb,hv,mean_cone_l,mean_cone_m,mean_cone_s,sd_cone_l,sd_cone_m,sd_cone_s,mask
0.30773968859046313,-0.2485821851992992,0.3105066956488078,-0.3343870809343157,0.6520580607139539,-0.6430093814948091,0.09581818059217562,0.15881938731638376,43.48879864837812,20.660235377936917,-4.819297846282823,0.6262751730849317,0.34987164825570466,0.24488064474074075,0.20683347774792854,0.300029155358463,0.20116274780403554,0.2162710899439892,bkg_mask.png
-0.17510477508236716,-0.2523761403012895,0.43505697156201756,0.13586189608668886,0.1813756908205622,-0.8159010460758352,0.01617873364059363,0.03450598991942742,30.268087835726035,9.779004553367422,-1.0699066352367872,0.5673458965440968,0.17432146259741102,0.13425616177302635,0.09243821354084569,0.19252197539026605,0.15917909719164247,0.11465326446844702,obj_mask.png
