lrc,redness,wpld,wpyv,wprg,gwld,gwyv,gwrg,gwl,gwa,gwb,hv,mean_cone_l,mean_cone_m,mean_cone_s,sd_cone_l,sd_cone_m,sd_cone_s,mask
0.338755605187401,-0.2558616055892853,0.28898117187310074,-0.37272577352125985,0.5579391481877126,-0.6478980374593206,0.07825407710105522,0.1330040436495714,43.17814841942432,15.739643478047062,-2.857523897300637,0.7130521506188157,0.34203961152642764,0.24550925321308878,0.19704285351415446,0.2980752444702356,0.2005010814071337,0.21593236917475137,bkg_mask.png
-0.04351094401528013,-0.27642919203916116,0.4596011629155578,0.19347330485530412,0.05970451909725134,-0.8250952275195608,-0.019535178521110926,-0.0133096266704973,29.308573951887915,-2.644426348446552,3.675903035453938,0.7069945208518413,0.1596390894932808,0.1352578268025818,0.0728968509202322,0.18494597794653747,0.16692410534731106,0.09849808140212436,obj_mask.png
