lrc,redness,wpld,wpyv,wprg,gwld,gwyv,gwrg,gwl,gwa,gwb,hv,mean_cone_l,mean_cone_m,mean_cone_s,sd_cone_l,sd_cone_m,sd_cone_s,mask
0.01966185875842201,-0.19125943753513366,0.3228777688130938,-1.3457554475316407,0.7474177990823309,-0.6119840685130155,-0.20528214166067055,0.41263946518065425,45.69591818134728,36.76927749675669,26.621462850760658,0.19924156576150787,0.4041297910365133,0.21730139801717802,0.09527787447041143,0.3060037754008515,0.17537509355867956,0.1382037641164446,bkg_mask.png
-0.5230568740464093,-0.1554058628067792,0.5397690598682883,-0.6058052382369249,0.4918751911982759,-0.6969087687766728,-0.2951258306781326,0.4233690056274544,40.449994426162895,42.76267151077284,46.09295225472318,0.014641404137529568,0.32565264099576585,0.1490908369126876,0.017991286720054907,0.27657249602001055,0.14845623616814158,0.027794171787962497,obj_mask.png
