lrc,redness,wpld,wpyv,wprg,gwld,gwyv,gwrg,gwl,gwa,gwb,hv,mean_cone_l,mean_cone_m,mean_cone_s,sd_cone_l,sd_cone_m,sd_cone_s,mask
0.1673505512737474,-0.22502708733672944,0.3177766287034772,-1.1679771859154993,0.743232687456768,-0.6267775153183075,0.00850657546350205,0.2573407674619107,44.71875615473169,28.52558905935199,4.577557144260009,0.46444126507636063,0.37523802205712314,0.23789144075608878,0.17795048186597276,0.30162169873339095,0.19339323838752287,0.20930054063539505,bkg_mask.png
-0.48743758123684017,-0.18497951090065617,0.5360540806374642,-0.49221843973556384,0.48965696130056063,-0.7319423514524116,-0.16908135722955017,0.26859933776489,37.03988713041088,31.292064112790946,23.17003658098203,0.09032830697821903,0.2768353875743888,0.15261165352625408,0.054248109525643774,0.27360876895475167,0.16688547234716986,0.07479098702466888,obj_mask.png
