lrc,redness,wpld,wpyv,wprg,gwld,gwyv,gwrg,gwl,gwa,gwb,hv,mean_cone_l,mean_cone_m,mean_cone_s,sd_cone_l,sd_cone_m,sd_cone_s,mask
0.31321505561006996,-0.23817810720600902,0.32190995190877103,-1.2051832845260833,-1.251114037045408,-0.63738216322666,-0.15360407949696067,0.22561922008598115,43.6648860683375,13.600684471016935,20.30431779852498,0.4143822388975632,0.3592889131912087,0.23266481811512646,0.10449251756380754,0.3107205390172466,0.18771140612626402,0.14628119158103572,bkg_mask.png
0.023299188411713585,-0.3131422358704575,0.4897068143765678,-0.4610081543446367,-0.2969985914598495,-0.8213244377721968,-0.1462239426199173,-0.08797513553534114,28.994680753326314,-31.346665360324508,25.982844494693985,0.0985757042243961,0.15240141634387408,0.14936681113320727,0.02087443716148116,0.18856463354680192,0.19681691860824604,0.03294036219236541,obj_mask.png
