lrc,redness,wpld,wpyv,wprg,gwld,gwyv,gwrg,gwl,gwa,gwb,hv,mean_cone_l,mean_cone_m,mean_cone_s,sd_cone_l,sd_cone_m,sd_cone_s,mask
0.09738498530731668,-0.19774853317188798,0.3758596627404446,-1.3736307779591432,0.6958919737046323,-0.6075779005190622,-0.19456366070165904,0.3906160804726536,45.99628239365123,34.52206309509297,24.134624566396067,0.2203086259073509,0.40574825129887665,0.22482621527918845,0.10175167896334525,0.30671435066453545,0.177710063250933,0.140280002930808,bkg_mask.png
-0.5057680659355084,-0.16874100303827244,0.565109510321481,-0.5518524084038456,0.46371651339208386,-0.7317860619130379,-0.2409106946328064,0.32467255333213935,37.43628136173948,35.47925910459754,37.593886301330265,0.02589080578079872,0.28255873346071764,0.141323795435045,0.02425334904063038,0.26931074175545344,0.153906670377614,0.034990196201028084,obj_mask.png
