lrc,redness,wpld,wpyv,wprg,gwld,gwyv,gwrg,gwl,gwa,gwb,hv,mean_cone_l,mean_cone_m,mean_cone_s,sd_cone_l,sd_cone_m,sd_cone_s,mask
0.3599501891751165,-0.271265325635365,0.3357201112073037,-0.9512580014845624,-1.2860311268141331,-0.6470881001922649,0.045246227107479504,0.08344425268583966,43.26593788533772,4.520508070362659,1.3190127433245027,0.8484357144245888,0.33642835809547506,0.25449285785902304,0.18328002782767377,0.29619001684038904,0.20263831958397163,0.21577589533867791,bkg_mask.png
0.10478892145198951,-0.3355010451267995,0.4529066239075352,0.3472235656545347,-1.1573183649440175,-0.814368441024811,-0.09207310014916645,-0.13613746072356314,30.192510083069845,-39.106161693732695,14.435825737473781,0.13037280552892827,0.15392089520368277,0.16432770479674078,0.04674566085268669,0.18128017726720122,0.20091661058220958,0.0663630510023491,obj_mask.png
