lrc,redness,wpld,wpyv,wprg,gwld,gwyv,gwrg,gwl,gwa,gwb,hv,mean_cone_l,mean_cone_m,mean_cone_s,sd_cone_l,sd_cone_m,sd_cone_s,mask
0.17305594319656684,-0.23108308123204596,0.2861158292482729,-0.46164636277517324,0.7379982795206422,-0.6336832007248875,0.03969285906239061,0.22469114528487105,44.245844908443644,26.46542764861587,1.3692197700048758,0.5039871902864514,0.36545546863310807,0.2390851306705723,0.18776354192667136,0.2992965417949628,0.19633962964306378,0.2133330349175444,bkg_mask.png
-0.4632252467967898,-0.19781542912357272,0.5477816483908212,-0.4800381525472244,0.47729315595544486,-0.777926696169003,-0.1009415583427727,0.18658086850756503,33.42706951903918,25.9523054634388,14.817291802335983,0.14743126512423688,0.22566705497963896,0.1336203758454028,0.061300450485674216,0.24565504776401734,0.15879564293951323,0.08330769908264019,obj_mask.png
