lrc,redness,wpld,wpyv,wprg,gwld,gwyv,gwrg,gwl,gwa,gwb,hv,mean_cone_l,mean_cone_m,mean_cone_s,sd_cone_l,sd_cone_m,sd_cone_s,mask
0.38700690861105863,-0.27413937058540067,0.35551591814532624,-0.6405393191923611,-1.3220573315317157,-0.6506505664281412,0.07078602790085928,0.07823411657201615,43.00864303529283,4.974980073925645,-1.9632698494405787,0.9415087990009312,0.33289966140507465,0.25317503306008954,0.19237996636768287,0.2964622186532442,0.2019491971543212,0.2153408744659434,bkg_mask.png
0.12772766505261532,-0.339152061039125,0.45067559885976843,0.5929956922057056,-1.4267487821995957,-0.8226426630307239,-0.0413874612738466,-0.13585993489578835,29.19721805102969,-35.06570910924159,6.244352607254718,0.17096034399752102,0.1470636388224371,0.15887713566388278,0.06429149887271796,0.17957296735634504,0.20047540160077862,0.08559794758307512,obj_mask.png
