lrc,redness,wpld,wpyv,wprg,gwld,gwyv,gwrg,gwl,gwa,gwb,hv,mean_cone_l,mean_cone_m,mean_cone_s,sd_cone_l,sd_cone_m,sd_cone_s,mask
0.4095472360751152,-0.2822295335391538,0.36447116414109837,-0.4999761057744606,-1.3383549003325268,-0.6552082795750319,0.08329895878785963,0.055372949018007385,42.47887783992535,1.2031285547130424,-3.3244893308324066,0.9499275259550609,0.32616830877976677,0.25405656285485273,0.19544601138515053,0.29868398409567043,0.20668623569185557,0.21796721945891093,bkg_mask.png
0.14368899630360923,-0.3550582162176306,0.4373854923805693,0.6073423621784244,-1.461266897897973,-0.8259476305490926,-0.02561780833100689,-0.16380740546830785,28.375170239622083,-41.243076630185705,3.557936331335426,0.12942952052839307,0.14093475917648854,0.16168948321506474,0.06929147820991217,0.18690951186430008,0.21574113463166758,0.09353769248503825,obj_mask.png
