lrc,redness,wpld,wpyv,wprg,gwld,gwyv,gwrg,gwl,gwa,gwb,hv,mean_cone_l,mean_cone_m,mean_cone_s,sd_cone_l,sd_cone_m,sd_cone_s,mask
-0.02171709853931898,-0.1873962354138332,0.2399812637216861,-1.013885312042815,0.8129790597320324,-0.6083522539666962,-0.20842084993001658,0.4334845808902571,45.90412789426534,38.61226729936938,27.01315816997275,0.1932050144058597,0.4099061139058267,0.21624557812190467,0.09572864989099605,0.30792794259786416,0.17517708593049316,0.13912979553428256,bkg_mask.png
-0.5125030614865455,-0.14449666924149576,0.5242986875530408,-0.5907843816309841,0.5065609487104943,-0.7084503647861975,-0.28652981332738764,0.45213613516823703,39.63390950519362,46.679114968273765,46.152141394130815,0.011470657330209355,0.3185301150493736,0.1352569325302597,0.016383187905785166,0.27114974768865224,0.13557653274330175,0.026048252710093346,obj_mask.png
