lrc,redness,wpld,wpyv,wprg,gwld,gwyv,gwrg,gwl,gwa,gwb,hv,mean_cone_l,mean_cone_m,mean_cone_s,sd_cone_l,sd_cone_m,sd_cone_s,mask
0.3049083835107181,-0.23486683789640672,0.34985770015010265,-1.1009362037954606,-1.213918898740673,-0.6313512397022911,-0.14985949300658766,0.2372123218461342,44.23530785006035,16.160970811599466,18.753852023681503,0.4128480494227237,0.3662864726974425,0.2352298767998463,0.10892176137107842,0.3079113307752142,0.18610237618217856,0.14508074277690758,bkg_mask.png
0.02724231005912172,-0.3019501116708796,0.5001850747506751,-0.32432824874001265,-0.23618495741374051,-0.8085246011860902,-0.13621503097027907,-0.07030549669498785,30.702999811142377,-24.810447447797202,22.467274226104198,0.1652263305536461,0.16646181475592378,0.15610036036810604,0.031115098902470113,0.19164276484855775,0.19369365217517295,0.04336368962968443,obj_mask.png
