lrc,redness,wpld,wpyv,wprg,gwld,gwyv,gwrg,gwl,gwa,gwb,hv,mean_cone_l,mean_cone_m,mean_cone_s,sd_cone_l,sd_cone_m,sd_cone_s,mask
0.10060208931834669,-0.19435419983820196,0.2502948452651845,-1.0238992164467755,0.8031885547238868,-0.5969937503791414,-0.20441923806788656,0.4206296588071848,46.6799373944369,36.63027996417301,24.336468149286457,0.21023130171700632,0.4189309071032778,0.2272892580417104,0.10263507937150189,0.3101043045400684,0.17620065071046734,0.1379830800103981,bkg_mask.png
-0.541068315846727,-0.1618065205708196,0.5506096208105388,-0.4356497693626241,0.4721465552815045,-0.7093130584412968,-0.2553618162461189,0.3775542751314742,39.06686588068277,39.73904538232359,37.59320440672536,0.0234803861177334,0.3093602309131048,0.14862787714026598,0.02881466137964842,0.2784469958411716,0.15400855456957613,0.039018683229372145,obj_mask.png
