lrc,redness,wpld,wpyv,wprg,gwld,gwyv,gwrg,gwl,gwa,gwb,hv,mean_cone_l,mean_cone_m,mean_cone_s,sd_cone_l,sd_cone_m,sd_cone_s,mask
0.04047035306408594,-0.19221664633770838,0.26756705653371166,-1.268484781717558,0.7986922762901617,-0.606202326042697,-0.20016880007911847,0.4161609607392125,46.119267555525475,37.037131564644525,24.93273325865642,0.2051610946618425,0.4099613967622779,0.22115923479073052,0.10013446242832057,0.3068649912453184,0.17597889856936735,0.13891477826780924,bkg_mask.png
-0.5286921215201533,-0.15642106062352865,0.5477816483908212,-0.4800381525472244,0.47729315595544486,-0.7166028988996737,-0.2586659075874977,0.3923948344174427,38.666358568301675,41.46779689681727,39.63413180939233,0.019261714584423162,0.30433792111010705,0.14033640204666964,0.02409982288125653,0.27349478014096634,0.14476598790475345,0.03444317284776717,obj_mask.png
