lrc,redness,wpld,wpyv,wprg,gwld,gwyv,gwrg,gwl,gwa,gwb,hv,mean_cone_l,mean_cone_m,mean_cone_s,sd_cone_l,sd_cone_m,sd_cone_s,mask
-0.045669220926292046,-0.18341034191093628,0.2343531442133174,-1.0162764237049349,0.8187320790150954,-0.6103725292949446,-0.21115538129152223,0.4489171492466908,45.82438718926335,40.27975683029846,27.5037419139804,0.18373559634965952,0.4098282088972431,0.2118703655813669,0.09370295163617037,0.30655678654948226,0.17313898942505157,0.13697322372394413,bkg_mask.png
-0.4913635020336802,-0.13709517586322284,0.5041428532026635,-0.5633585089589629,0.5252841919477956,-0.6766986090478891,-0.3211827149662997,0.5447736138785233,42.2079601258958,52.344777742470654,49.53374560304471,0.009601759858187453,0.358309759621157,0.1420860024348579,0.016898156332759092,0.2748311347809486,0.12803368133604426,0.025826281499803348,obj_mask.png
