blue,green,red,yellow
0.30593,0.53284,-0.57916,-0.09181