blue,green,red,yellow
0.46494,0.41675,-0.56036,-0.20664