blue,green,red,yellow
-1.4682,-2.0789,-0.018277,-0.26469